Date,Match,HomeTeam,AwayTeam,HomeScoredAvg,HomeAllowedAvg,HomeSampleSize,AwayScoredAvg,AwayAllowedAvg,AwaySampleSize,ExpHome,ExpAway,ExpTotal,TotalStd,Line,OverOdds,UnderOdds,ActualHomeScore,ActualAwayScore,HitOrMiss
2026-10-13T21:00:00,Olympiacos Piraeus @ Valencia Basket,Valencia Basket,Olympiacos Piraeus,104.0,91.3,3,97.7,92.0,3,99.2,94.3,193.5,12.7,,,,,,
2026-10-08T20:30:00,Hapoel IBI Tel Aviv @ Valencia Basket,Valencia Basket,Hapoel IBI Tel Aviv,104.0,91.3,3,89.0,88.0,3,97.3,91.2,188.5,12.7,,,,,,
2026-10-09T20:30:00,Besiktas Istanbul @ Kosner Baskonia Vitoria-Gasteiz,Kosner Baskonia Vitoria-Gasteiz,Besiktas Istanbul,87.7,97.7,3,95.0,94.7,3,91.3,94.8,186.1,12.7,,,,,,
2026-10-15T21:00:00,LDLC ASVEL Villeurbanne @ Real Madrid,Real Madrid,LDLC ASVEL Villeurbanne,86.3,91.3,3,88.2,94.2,4,93.2,92.3,185.5,12.7,,,,,,
2026-10-14T18:00:00,Besiktas Istanbul @ Hapoel IBI Tel Aviv,Hapoel IBI Tel Aviv,Besiktas Istanbul,89.0,88.0,3,95.0,94.7,3,93.0,91.8,184.7,12.7,,,,,,
2026-10-15T20:30:00,Maccabi Rapyd Tel Aviv @ Valencia Basket,Valencia Basket,Maccabi Rapyd Tel Aviv,104.0,91.3,3,78.0,94.3,3,100.4,84.3,184.7,12.7,,,,,,
2026-10-16T20:30:00,Olympiacos Piraeus @ FC Barcelona,FC Barcelona,Olympiacos Piraeus,90.3,86.0,3,97.7,92.0,3,92.1,91.5,183.6,12.7,,,,,,
2026-10-16T19:00:00,FC Bayern Munich @ Besiktas Istanbul,Besiktas Istanbul,FC Bayern Munich,95.0,94.7,3,82.0,90.0,3,92.2,88.4,180.6,12.7,,,,,,
2026-10-16T20:30:00,Kosner Baskonia Vitoria-Gasteiz @ Virtus Bologna,Virtus Bologna,Kosner Baskonia Vitoria-Gasteiz,83.0,86.3,3,87.7,97.7,3,90.4,87.8,178.2,12.7,,,,,,
2026-10-09T20:15:00,Anadolu Efes Istanbul @ Olympiacos Piraeus,Olympiacos Piraeus,Anadolu Efes Istanbul,97.7,92.0,3,82.7,83.3,3,89.6,87.3,176.9,12.7,,,,,,
2026-10-08T20:45:00,Partizan Mozzart Bet Belgrade @ Real Madrid,Real Madrid,Partizan Mozzart Bet Belgrade,86.3,91.3,3,90.0,79.7,3,84.5,91.7,176.2,12.7,,,,,,
2026-10-13T20:30:00,Maccabi Rapyd Tel Aviv @ FC Barcelona,FC Barcelona,Maccabi Rapyd Tel Aviv,90.3,86.0,3,78.0,94.3,3,93.1,81.8,174.9,12.7,,,,,,
2026-10-14T20:45:00,Virtus Bologna @ Paris Basketball,Paris Basketball,Virtus Bologna,82.2,89.8,4,83.0,86.3,3,86.3,88.3,174.6,12.7,,,,,,
2026-10-13T20:30:00,Real Madrid @ Armani Olimpia Milan,Armani Olimpia Milan,Real Madrid,79.7,87.7,3,86.3,91.3,3,86.6,87.9,174.5,12.7,,,,,,
2026-10-16T20:15:00,Hapoel IBI Tel Aviv @ Panathinaikos AKTOR Athens,Panathinaikos AKTOR Athens,Hapoel IBI Tel Aviv,94.3,72.7,3,89.0,88.0,3,91.9,81.4,173.4,12.7,,,,,,
2026-10-08T20:00:00,Virtus Bologna @ FC Bayern Munich,FC Bayern Munich,Virtus Bologna,82.0,90.0,3,83.0,86.3,3,85.0,88.0,173.0,12.7,,,,,,
2026-10-09T20:30:00,Zalgiris Kaunas @ FC Barcelona,FC Barcelona,Zalgiris Kaunas,90.3,86.0,3,84.0,84.0,3,87.8,84.9,172.7,12.7,,,,,,
2026-10-13T20:00:00,Crvena Zvezda Meridianbet Belgrade @ LDLC ASVEL Villeurbanne,LDLC ASVEL Villeurbanne,Crvena Zvezda Meridianbet Belgrade,88.2,94.2,4,78.0,78.7,3,84.2,87.7,172.0,12.7,,,,,,
2026-10-13T20:30:00,Dubai Basketball @ Kosner Baskonia Vitoria-Gasteiz,Kosner Baskonia Vitoria-Gasteiz,Dubai Basketball,87.7,97.7,3,79.3,80.0,3,83.8,86.6,170.4,12.7,,,,,,
2026-10-08T18:00:00,Armani Olimpia Milan @ Maccabi Rapyd Tel Aviv,Maccabi Rapyd Tel Aviv,Armani Olimpia Milan,78.0,94.3,3,79.7,87.7,3,82.4,87.2,169.6,12.7,,,,,,
2026-10-14T19:30:00,FC Bayern Munich @ Anadolu Efes Istanbul,Anadolu Efes Istanbul,FC Bayern Munich,82.7,83.3,3,82.0,90.0,3,86.1,82.4,168.4,12.7,,,,,,
2026-10-13T20:30:00,Panathinaikos AKTOR Athens @ Partizan Mozzart Bet Belgrade,Partizan Mozzart Bet Belgrade,Panathinaikos AKTOR Athens,90.0,79.7,3,94.3,72.7,3,80.9,87.4,168.2,12.7,,,,,,
2026-10-16T19:00:00,Anadolu Efes Istanbul @ Zalgiris Kaunas,Zalgiris Kaunas,Anadolu Efes Istanbul,84.0,84.0,3,82.7,83.3,3,83.1,83.3,166.4,12.7,,,,,,
2026-10-16T20:00:00,Paris Basketball @ Crvena Zvezda Meridianbet Belgrade,Crvena Zvezda Meridianbet Belgrade,Paris Basketball,78.0,78.7,3,82.2,89.8,4,84.5,81.3,165.8,12.7,,,,,,
2026-10-15T20:30:00,Dubai Basketball @ Armani Olimpia Milan,Armani Olimpia Milan,Dubai Basketball,79.7,87.7,3,79.3,80.0,3,80.1,82.9,162.9,12.7,,,,,,
2026-10-15T19:45:00,Partizan Mozzart Bet Belgrade @ Fenerbahce Tarfin Istanbul,Fenerbahce Tarfin Istanbul,Partizan Mozzart Bet Belgrade,84.7,70.0,3,90.0,79.7,3,82.6,79.7,162.3,12.7,,,,,,
2026-10-13T19:45:00,Zalgiris Kaunas @ Fenerbahce Tarfin Istanbul,Fenerbahce Tarfin Istanbul,Zalgiris Kaunas,84.7,70.0,3,84.0,84.0,3,84.6,77.0,161.5,12.7,,,,,,
2026-10-08T20:15:00,Fenerbahce Tarfin Istanbul @ Panathinaikos AKTOR Athens,Panathinaikos AKTOR Athens,Fenerbahce Tarfin Istanbul,94.3,72.7,3,84.7,70.0,3,81.8,78.5,160.3,12.7,,,,,,
2026-10-08T18:00:00,Crvena Zvezda Meridianbet Belgrade @ Dubai Basketball,Dubai Basketball,Crvena Zvezda Meridianbet Belgrade,79.3,80.0,3,78.0,78.7,3,78.3,79.3,157.6,12.7,,,,,,
