Date,Match,Team,Player,PropType,Projected,SampleSize,RecentValues,Line,OverOdds,UnderOdds,ActualValue,HitOrMiss
2026-10-09T20:15:00,Anadolu Efes Istanbul @ Olympiacos Piraeus,Anadolu Efes Istanbul,"JAMES, MIKE",Points,12.5,3,22.0; 12.0; 11.0,,,,,
2026-10-09T20:15:00,Anadolu Efes Istanbul @ Olympiacos Piraeus,Anadolu Efes Istanbul,"JAMES, MIKE",Rebounds,3.0,3,4.0; 2.0; 1.0,,,,,
2026-10-09T20:15:00,Anadolu Efes Istanbul @ Olympiacos Piraeus,Anadolu Efes Istanbul,"JAMES, MIKE",Assists,3.2,3,5.0; 4.0; 3.0,,,,,
2026-10-09T20:15:00,Anadolu Efes Istanbul @ Olympiacos Piraeus,Anadolu Efes Istanbul,"SARIC, DARIO",Points,12.0,3,17.0; 10.0; 13.0,,,,,
2026-10-09T20:15:00,Anadolu Efes Istanbul @ Olympiacos Piraeus,Anadolu Efes Istanbul,"SARIC, DARIO",Rebounds,5.2,3,5.0; 3.0; 10.0,,,,,
2026-10-09T20:15:00,Anadolu Efes Istanbul @ Olympiacos Piraeus,Anadolu Efes Istanbul,"SARIC, DARIO",Assists,2.4,3,2.0; 4.0; 1.0,,,,,
2026-10-09T20:15:00,Anadolu Efes Istanbul @ Olympiacos Piraeus,Anadolu Efes Istanbul,"STRAZEL, MATTHEW",Points,12.0,3,12.0; 14.0; 13.0,,,,,
2026-10-09T20:15:00,Anadolu Efes Istanbul @ Olympiacos Piraeus,Anadolu Efes Istanbul,"STRAZEL, MATTHEW",Rebounds,3.2,3,2.0; 3.0; 2.0,,,,,
2026-10-09T20:15:00,Anadolu Efes Istanbul @ Olympiacos Piraeus,Anadolu Efes Istanbul,"STRAZEL, MATTHEW",Assists,2.5,3,3.0; 4.0; 1.0,,,,,
2026-10-09T20:15:00,Anadolu Efes Istanbul @ Olympiacos Piraeus,Anadolu Efes Istanbul,"LOYD, JORDAN",Points,11.3,3,2.0; 12.0; 17.0,,,,,
2026-10-09T20:15:00,Anadolu Efes Istanbul @ Olympiacos Piraeus,Anadolu Efes Istanbul,"LOYD, JORDAN",Rebounds,4.1,3,0.0; 4.0; 7.0,,,,,
2026-10-09T20:15:00,Anadolu Efes Istanbul @ Olympiacos Piraeus,Anadolu Efes Istanbul,"LOYD, JORDAN",Assists,2.0,3,0.0; 1.0; 3.0,,,,,
2026-10-09T20:15:00,Anadolu Efes Istanbul @ Olympiacos Piraeus,Anadolu Efes Istanbul,"DOZIER, PJ",Points,9.7,3,3.0; 18.0; 4.0,,,,,
2026-10-09T20:15:00,Anadolu Efes Istanbul @ Olympiacos Piraeus,Anadolu Efes Istanbul,"DOZIER, PJ",Rebounds,3.2,3,3.0; 1.0; 3.0,,,,,
2026-10-09T20:15:00,Anadolu Efes Istanbul @ Olympiacos Piraeus,Anadolu Efes Istanbul,"DOZIER, PJ",Assists,2.2,3,0.0; 3.0; 2.0,,,,,
2026-10-09T20:15:00,Anadolu Efes Istanbul @ Olympiacos Piraeus,Olympiacos Piraeus,"VEZENKOV, SASHA",Points,15.4,3,22.0; 18.0; 20.0,,,,,
2026-10-09T20:15:00,Anadolu Efes Istanbul @ Olympiacos Piraeus,Olympiacos Piraeus,"VEZENKOV, SASHA",Rebounds,5.2,3,5.0; 8.0; 6.0,,,,,
2026-10-09T20:15:00,Anadolu Efes Istanbul @ Olympiacos Piraeus,Olympiacos Piraeus,"VEZENKOV, SASHA",Assists,1.5,3,1.0; 1.0; 0.0,,,,,
2026-10-09T20:15:00,Anadolu Efes Istanbul @ Olympiacos Piraeus,Olympiacos Piraeus,"DORSEY, TYLER",Points,14.9,3,25.0; 10.0; 22.0,,,,,
2026-10-09T20:15:00,Anadolu Efes Istanbul @ Olympiacos Piraeus,Olympiacos Piraeus,"DORSEY, TYLER",Rebounds,2.8,3,2.0; 2.0; 1.0,,,,,
2026-10-09T20:15:00,Anadolu Efes Istanbul @ Olympiacos Piraeus,Olympiacos Piraeus,"DORSEY, TYLER",Assists,2.0,3,1.0; 1.0; 2.0,,,,,
2026-10-09T20:15:00,Anadolu Efes Istanbul @ Olympiacos Piraeus,Olympiacos Piraeus,"MONTERO, JEAN",Points,11.5,3,15.0; 15.0; 8.0,,,,,
2026-10-09T20:15:00,Anadolu Efes Istanbul @ Olympiacos Piraeus,Olympiacos Piraeus,"MONTERO, JEAN",Rebounds,3.5,3,5.0; 3.0; 2.0,,,,,
2026-10-09T20:15:00,Anadolu Efes Istanbul @ Olympiacos Piraeus,Olympiacos Piraeus,"MONTERO, JEAN",Assists,3.9,3,5.0; 7.0; 4.0,,,,,
2026-10-09T20:15:00,Anadolu Efes Istanbul @ Olympiacos Piraeus,Olympiacos Piraeus,"NDIAYE, MBAYE",Points,12.3,3,4.0; 9.0; 23.0,,,,,
2026-10-09T20:15:00,Anadolu Efes Istanbul @ Olympiacos Piraeus,Olympiacos Piraeus,"NDIAYE, MBAYE",Rebounds,3.5,3,0.0; 0.0; 7.0,,,,,
2026-10-09T20:15:00,Anadolu Efes Istanbul @ Olympiacos Piraeus,Olympiacos Piraeus,"NDIAYE, MBAYE",Assists,1.2,3,0.0; 0.0; 0.0,,,,,
2026-10-09T20:15:00,Anadolu Efes Istanbul @ Olympiacos Piraeus,Olympiacos Piraeus,"FOURNIER, EVAN",Points,10.7,3,7.0; 19.0; 6.0,,,,,
2026-10-09T20:15:00,Anadolu Efes Istanbul @ Olympiacos Piraeus,Olympiacos Piraeus,"FOURNIER, EVAN",Rebounds,3.8,3,1.0; 1.0; 7.0,,,,,
2026-10-09T20:15:00,Anadolu Efes Istanbul @ Olympiacos Piraeus,Olympiacos Piraeus,"FOURNIER, EVAN",Assists,2.0,3,3.0; 0.0; 2.0,,,,,
2026-10-09T20:30:00,Zalgiris Kaunas @ FC Barcelona,Zalgiris Kaunas,"EDWARDS, CARSEN",Points,13.8,3,13.0; 16.0; 19.0,,,,,
2026-10-09T20:30:00,Zalgiris Kaunas @ FC Barcelona,Zalgiris Kaunas,"EDWARDS, CARSEN",Rebounds,2.6,3,0.0; 1.0; 2.0,,,,,
2026-10-09T20:30:00,Zalgiris Kaunas @ FC Barcelona,Zalgiris Kaunas,"EDWARDS, CARSEN",Assists,2.3,3,0.0; 4.0; 2.0,,,,,
2026-10-09T20:30:00,Zalgiris Kaunas @ FC Barcelona,Zalgiris Kaunas,"TUBELIS, AZUOLAS",Points,13.7,3,10.0; 19.0; 18.0,,,,,
2026-10-09T20:30:00,Zalgiris Kaunas @ FC Barcelona,Zalgiris Kaunas,"TUBELIS, AZUOLAS",Rebounds,6.1,3,12.0; 7.0; 7.0,,,,,
2026-10-09T20:30:00,Zalgiris Kaunas @ FC Barcelona,Zalgiris Kaunas,"TUBELIS, AZUOLAS",Assists,2.7,3,4.0; 3.0; 2.0,,,,,
2026-10-09T20:30:00,Zalgiris Kaunas @ FC Barcelona,Zalgiris Kaunas,"BROWN, STERLING",Points,12.8,3,10.0; 20.0; 13.0,,,,,
2026-10-09T20:30:00,Zalgiris Kaunas @ FC Barcelona,Zalgiris Kaunas,"BROWN, STERLING",Rebounds,3.1,3,2.0; 0.0; 4.0,,,,,
2026-10-09T20:30:00,Zalgiris Kaunas @ FC Barcelona,Zalgiris Kaunas,"BROWN, STERLING",Assists,2.1,3,0.0; 0.0; 4.0,,,,,
2026-10-09T20:30:00,Zalgiris Kaunas @ FC Barcelona,Zalgiris Kaunas,"VALANCIUNAS, JONAS",Points,11.5,3,13.0; 11.0; 12.0,,,,,
2026-10-09T20:30:00,Zalgiris Kaunas @ FC Barcelona,Zalgiris Kaunas,"VALANCIUNAS, JONAS",Rebounds,5.3,3,8.0; 6.0; 6.0,,,,,
2026-10-09T20:30:00,Zalgiris Kaunas @ FC Barcelona,Zalgiris Kaunas,"VALANCIUNAS, JONAS",Assists,2.6,3,2.0; 7.0; 0.0,,,,,
2026-10-09T20:30:00,Zalgiris Kaunas @ FC Barcelona,Zalgiris Kaunas,"GRIGONIS, MARIUS",Points,8.5,3,2.0; 9.0; 6.0,,,,,
2026-10-09T20:30:00,Zalgiris Kaunas @ FC Barcelona,Zalgiris Kaunas,"GRIGONIS, MARIUS",Rebounds,3.2,3,0.0; 5.0; 2.0,,,,,
2026-10-09T20:30:00,Zalgiris Kaunas @ FC Barcelona,Zalgiris Kaunas,"GRIGONIS, MARIUS",Assists,2.2,3,2.0; 2.0; 2.0,,,,,
2026-10-09T20:30:00,Zalgiris Kaunas @ FC Barcelona,FC Barcelona,"PUNTER, KEVIN",Points,15.3,3,19.0; 25.0; 16.0,,,,,
2026-10-09T20:30:00,Zalgiris Kaunas @ FC Barcelona,FC Barcelona,"PUNTER, KEVIN",Rebounds,3.4,3,1.0; 5.0; 2.0,,,,,
2026-10-09T20:30:00,Zalgiris Kaunas @ FC Barcelona,FC Barcelona,"PUNTER, KEVIN",Assists,2.5,3,1.0; 2.0; 4.0,,,,,
2026-10-09T20:30:00,Zalgiris Kaunas @ FC Barcelona,FC Barcelona,"GIBSON, UMOJA",Points,11.9,3,10.0; 12.0; 15.0,,,,,
2026-10-09T20:30:00,Zalgiris Kaunas @ FC Barcelona,FC Barcelona,"GIBSON, UMOJA",Rebounds,3.5,3,6.0; 2.0; 2.0,,,,,
2026-10-09T20:30:00,Zalgiris Kaunas @ FC Barcelona,FC Barcelona,"GIBSON, UMOJA",Assists,2.5,3,2.0; 2.0; 3.0,,,,,
2026-10-09T20:30:00,Zalgiris Kaunas @ FC Barcelona,FC Barcelona,"BALCEROWSKI, OLEK",Points,10.7,3,10.0; 10.0; 11.0,,,,,
2026-10-09T20:30:00,Zalgiris Kaunas @ FC Barcelona,FC Barcelona,"BALCEROWSKI, OLEK",Rebounds,3.0,3,4.0; 3.0; 0.0,,,,,
2026-10-09T20:30:00,Zalgiris Kaunas @ FC Barcelona,FC Barcelona,"BALCEROWSKI, OLEK",Assists,1.8,3,2.0; 2.0; 0.0,,,,,
2026-10-09T20:30:00,Zalgiris Kaunas @ FC Barcelona,FC Barcelona,"BRIZUELA, DARIO",Points,9.7,3,20.0; 0.0; 8.0,,,,,
2026-10-09T20:30:00,Zalgiris Kaunas @ FC Barcelona,FC Barcelona,"BRIZUELA, DARIO",Rebounds,3.0,3,2.0; 1.0; 3.0,,,,,
2026-10-09T20:30:00,Zalgiris Kaunas @ FC Barcelona,FC Barcelona,"BRIZUELA, DARIO",Assists,1.4,3,0.0; 1.0; 0.0,,,,,
2026-10-09T20:30:00,Zalgiris Kaunas @ FC Barcelona,FC Barcelona,"ROBINSON, JUSTIN",Points,9.8,3,10.0; 7.0; 9.0,,,,,
2026-10-09T20:30:00,Zalgiris Kaunas @ FC Barcelona,FC Barcelona,"ROBINSON, JUSTIN",Rebounds,2.8,3,2.0; 1.0; 2.0,,,,,
2026-10-09T20:30:00,Zalgiris Kaunas @ FC Barcelona,FC Barcelona,"ROBINSON, JUSTIN",Assists,3.0,3,2.0; 5.0; 3.0,,,,,
2026-10-09T20:30:00,Besiktas Istanbul @ Kosner Baskonia Vitoria-Gasteiz,Besiktas Istanbul,"WILBEKIN, SCOTTIE",Points,13.9,3,12.0; 20.0; 17.0,,,,,
2026-10-09T20:30:00,Besiktas Istanbul @ Kosner Baskonia Vitoria-Gasteiz,Besiktas Istanbul,"WILBEKIN, SCOTTIE",Rebounds,3.1,3,1.0; 1.0; 4.0,,,,,
2026-10-09T20:30:00,Besiktas Istanbul @ Kosner Baskonia Vitoria-Gasteiz,Besiktas Istanbul,"WILBEKIN, SCOTTIE",Assists,3.0,3,5.0; 3.0; 3.0,,,,,
2026-10-09T20:30:00,Besiktas Istanbul @ Kosner Baskonia Vitoria-Gasteiz,Besiktas Istanbul,"DOTSON, DEVON",Points,11.7,3,9.0; 17.0; 11.0,,,,,
2026-10-09T20:30:00,Besiktas Istanbul @ Kosner Baskonia Vitoria-Gasteiz,Besiktas Istanbul,"DOTSON, DEVON",Rebounds,2.7,3,0.0; 4.0; 0.0,,,,,
2026-10-09T20:30:00,Besiktas Istanbul @ Kosner Baskonia Vitoria-Gasteiz,Besiktas Istanbul,"DOTSON, DEVON",Assists,3.0,3,4.0; 4.0; 3.0,,,,,
2026-10-09T20:30:00,Besiktas Istanbul @ Kosner Baskonia Vitoria-Gasteiz,Besiktas Istanbul,"MORGAN, CONOR",Points,11.2,3,15.0; 13.0; 8.0,,,,,
2026-10-09T20:30:00,Besiktas Istanbul @ Kosner Baskonia Vitoria-Gasteiz,Besiktas Istanbul,"MORGAN, CONOR",Rebounds,3.8,3,2.0; 3.0; 5.0,,,,,
2026-10-09T20:30:00,Besiktas Istanbul @ Kosner Baskonia Vitoria-Gasteiz,Besiktas Istanbul,"MORGAN, CONOR",Assists,2.9,3,1.0; 3.0; 5.0,,,,,
2026-10-09T20:30:00,Besiktas Istanbul @ Kosner Baskonia Vitoria-Gasteiz,Besiktas Istanbul,"BROWN, ANTHONY",Points,10.9,3,7.0; 20.0; 6.0,,,,,
2026-10-09T20:30:00,Besiktas Istanbul @ Kosner Baskonia Vitoria-Gasteiz,Besiktas Istanbul,"BROWN, ANTHONY",Rebounds,3.8,3,3.0; 5.0; 3.0,,,,,
2026-10-09T20:30:00,Besiktas Istanbul @ Kosner Baskonia Vitoria-Gasteiz,Besiktas Istanbul,"BROWN, ANTHONY",Assists,2.1,3,1.0; 3.0; 1.0,,,,,
2026-10-09T20:30:00,Besiktas Istanbul @ Kosner Baskonia Vitoria-Gasteiz,Besiktas Istanbul,"NOWELL, JAYLEN",Points,10.7,3,17.0; 6.0; 10.0,,,,,
2026-10-09T20:30:00,Besiktas Istanbul @ Kosner Baskonia Vitoria-Gasteiz,Besiktas Istanbul,"NOWELL, JAYLEN",Rebounds,3.5,3,4.0; 1.0; 4.0,,,,,
2026-10-09T20:30:00,Besiktas Istanbul @ Kosner Baskonia Vitoria-Gasteiz,Besiktas Istanbul,"NOWELL, JAYLEN",Assists,2.4,3,2.0; 4.0; 1.0,,,,,
2026-10-09T20:30:00,Besiktas Istanbul @ Kosner Baskonia Vitoria-Gasteiz,Kosner Baskonia Vitoria-Gasteiz,"LAWSON, A.J.",Points,13.5,3,20.0; 13.0; 16.0,,,,,
2026-10-09T20:30:00,Besiktas Istanbul @ Kosner Baskonia Vitoria-Gasteiz,Kosner Baskonia Vitoria-Gasteiz,"LAWSON, A.J.",Rebounds,3.5,3,4.0; 2.0; 3.0,,,,,
2026-10-09T20:30:00,Besiktas Istanbul @ Kosner Baskonia Vitoria-Gasteiz,Kosner Baskonia Vitoria-Gasteiz,"LAWSON, A.J.",Assists,2.5,3,2.0; 2.0; 3.0,,,,,
2026-10-09T20:30:00,Besiktas Istanbul @ Kosner Baskonia Vitoria-Gasteiz,Kosner Baskonia Vitoria-Gasteiz,"SEDEKERSKIS, TADAS",Points,10.8,3,15.0; 16.0; 4.0,,,,,
2026-10-09T20:30:00,Besiktas Istanbul @ Kosner Baskonia Vitoria-Gasteiz,Kosner Baskonia Vitoria-Gasteiz,"SEDEKERSKIS, TADAS",Rebounds,3.8,3,2.0; 7.0; 2.0,,,,,
2026-10-09T20:30:00,Besiktas Istanbul @ Kosner Baskonia Vitoria-Gasteiz,Kosner Baskonia Vitoria-Gasteiz,"SEDEKERSKIS, TADAS",Assists,1.2,3,0.0; 0.0; 0.0,,,,,
2026-10-09T20:30:00,Besiktas Istanbul @ Kosner Baskonia Vitoria-Gasteiz,Kosner Baskonia Vitoria-Gasteiz,"STEWART, DJ",Points,11.3,3,8.0; 14.0; 12.0,,,,,
2026-10-09T20:30:00,Besiktas Istanbul @ Kosner Baskonia Vitoria-Gasteiz,Kosner Baskonia Vitoria-Gasteiz,"STEWART, DJ",Rebounds,2.5,3,1.0; 2.0; 0.0,,,,,
2026-10-09T20:30:00,Besiktas Istanbul @ Kosner Baskonia Vitoria-Gasteiz,Kosner Baskonia Vitoria-Gasteiz,"STEWART, DJ",Assists,2.3,3,0.0; 4.0; 2.0,,,,,
2026-10-09T20:30:00,Besiktas Istanbul @ Kosner Baskonia Vitoria-Gasteiz,Kosner Baskonia Vitoria-Gasteiz,"DUARTE, CHRIS",Points,10.2,3,9.0; 9.0; 10.0,,,,,
2026-10-09T20:30:00,Besiktas Istanbul @ Kosner Baskonia Vitoria-Gasteiz,Kosner Baskonia Vitoria-Gasteiz,"DUARTE, CHRIS",Rebounds,4.0,3,5.0; 3.0; 4.0,,,,,
2026-10-09T20:30:00,Besiktas Istanbul @ Kosner Baskonia Vitoria-Gasteiz,Kosner Baskonia Vitoria-Gasteiz,"DUARTE, CHRIS",Assists,2.0,3,3.0; 0.0; 2.0,,,,,
2026-10-09T20:30:00,Besiktas Istanbul @ Kosner Baskonia Vitoria-Gasteiz,Kosner Baskonia Vitoria-Gasteiz,"FARIED, KENNETH",Points,9.8,3,5.0; 15.0; 6.0,,,,,
2026-10-09T20:30:00,Besiktas Istanbul @ Kosner Baskonia Vitoria-Gasteiz,Kosner Baskonia Vitoria-Gasteiz,"FARIED, KENNETH",Rebounds,4.5,3,3.0; 5.0; 6.0,,,,,
2026-10-09T20:30:00,Besiktas Istanbul @ Kosner Baskonia Vitoria-Gasteiz,Kosner Baskonia Vitoria-Gasteiz,"FARIED, KENNETH",Assists,1.2,3,0.0; 0.0; 0.0,,,,,
2026-10-13T19:45:00,Zalgiris Kaunas @ Fenerbahce Tarfin Istanbul,Zalgiris Kaunas,"EDWARDS, CARSEN",Points,13.8,3,13.0; 16.0; 19.0,,,,,
2026-10-13T19:45:00,Zalgiris Kaunas @ Fenerbahce Tarfin Istanbul,Zalgiris Kaunas,"EDWARDS, CARSEN",Rebounds,2.6,3,0.0; 1.0; 2.0,,,,,
2026-10-13T19:45:00,Zalgiris Kaunas @ Fenerbahce Tarfin Istanbul,Zalgiris Kaunas,"EDWARDS, CARSEN",Assists,2.3,3,0.0; 4.0; 2.0,,,,,
2026-10-13T19:45:00,Zalgiris Kaunas @ Fenerbahce Tarfin Istanbul,Zalgiris Kaunas,"TUBELIS, AZUOLAS",Points,13.7,3,10.0; 19.0; 18.0,,,,,
2026-10-13T19:45:00,Zalgiris Kaunas @ Fenerbahce Tarfin Istanbul,Zalgiris Kaunas,"TUBELIS, AZUOLAS",Rebounds,6.1,3,12.0; 7.0; 7.0,,,,,
2026-10-13T19:45:00,Zalgiris Kaunas @ Fenerbahce Tarfin Istanbul,Zalgiris Kaunas,"TUBELIS, AZUOLAS",Assists,2.7,3,4.0; 3.0; 2.0,,,,,
2026-10-13T19:45:00,Zalgiris Kaunas @ Fenerbahce Tarfin Istanbul,Zalgiris Kaunas,"BROWN, STERLING",Points,12.8,3,10.0; 20.0; 13.0,,,,,
2026-10-13T19:45:00,Zalgiris Kaunas @ Fenerbahce Tarfin Istanbul,Zalgiris Kaunas,"BROWN, STERLING",Rebounds,3.1,3,2.0; 0.0; 4.0,,,,,
2026-10-13T19:45:00,Zalgiris Kaunas @ Fenerbahce Tarfin Istanbul,Zalgiris Kaunas,"BROWN, STERLING",Assists,2.1,3,0.0; 0.0; 4.0,,,,,
2026-10-13T19:45:00,Zalgiris Kaunas @ Fenerbahce Tarfin Istanbul,Zalgiris Kaunas,"VALANCIUNAS, JONAS",Points,11.5,3,13.0; 11.0; 12.0,,,,,
2026-10-13T19:45:00,Zalgiris Kaunas @ Fenerbahce Tarfin Istanbul,Zalgiris Kaunas,"VALANCIUNAS, JONAS",Rebounds,5.3,3,8.0; 6.0; 6.0,,,,,
2026-10-13T19:45:00,Zalgiris Kaunas @ Fenerbahce Tarfin Istanbul,Zalgiris Kaunas,"VALANCIUNAS, JONAS",Assists,2.6,3,2.0; 7.0; 0.0,,,,,
2026-10-13T19:45:00,Zalgiris Kaunas @ Fenerbahce Tarfin Istanbul,Zalgiris Kaunas,"GRIGONIS, MARIUS",Points,8.5,3,2.0; 9.0; 6.0,,,,,
2026-10-13T19:45:00,Zalgiris Kaunas @ Fenerbahce Tarfin Istanbul,Zalgiris Kaunas,"GRIGONIS, MARIUS",Rebounds,3.2,3,0.0; 5.0; 2.0,,,,,
2026-10-13T19:45:00,Zalgiris Kaunas @ Fenerbahce Tarfin Istanbul,Zalgiris Kaunas,"GRIGONIS, MARIUS",Assists,2.2,3,2.0; 2.0; 2.0,,,,,
2026-10-13T19:45:00,Zalgiris Kaunas @ Fenerbahce Tarfin Istanbul,Fenerbahce Tarfin Istanbul,"BINGHAM, MARCUS",Points,11.3,3,12.0; 20.0; 5.0,,,,,
2026-10-13T19:45:00,Zalgiris Kaunas @ Fenerbahce Tarfin Istanbul,Fenerbahce Tarfin Istanbul,"BINGHAM, MARCUS",Rebounds,4.1,3,3.0; 8.0; 2.0,,,,,
2026-10-13T19:45:00,Zalgiris Kaunas @ Fenerbahce Tarfin Istanbul,Fenerbahce Tarfin Istanbul,"BINGHAM, MARCUS",Assists,1.2,3,0.0; 0.0; 0.0,,,,,
2026-10-13T19:45:00,Zalgiris Kaunas @ Fenerbahce Tarfin Istanbul,Fenerbahce Tarfin Istanbul,"HORTON TUCKER, TALEN",Points,11.3,4,13.0; 19.0; 8.0; 9.0,,,,,
2026-10-13T19:45:00,Zalgiris Kaunas @ Fenerbahce Tarfin Istanbul,Fenerbahce Tarfin Istanbul,"HORTON TUCKER, TALEN",Rebounds,3.7,4,3.0; 5.0; 3.0; 3.0,,,,,
2026-10-13T19:45:00,Zalgiris Kaunas @ Fenerbahce Tarfin Istanbul,Fenerbahce Tarfin Istanbul,"HORTON TUCKER, TALEN",Assists,2.2,4,1.0; 4.0; 1.0; 2.0,,,,,
2026-10-13T19:45:00,Zalgiris Kaunas @ Fenerbahce Tarfin Istanbul,Fenerbahce Tarfin Istanbul,"BALDWIN IV, WADE",Points,11.4,4,12.0; 13.0; 14.0; 9.0,,,,,
2026-10-13T19:45:00,Zalgiris Kaunas @ Fenerbahce Tarfin Istanbul,Fenerbahce Tarfin Istanbul,"BALDWIN IV, WADE",Rebounds,3.6,4,4.0; 4.0; 3.0; 3.0,,,,,
2026-10-13T19:45:00,Zalgiris Kaunas @ Fenerbahce Tarfin Istanbul,Fenerbahce Tarfin Istanbul,"BALDWIN IV, WADE",Assists,4.4,4,6.0; 8.0; 5.0; 5.0,,,,,
2026-10-13T19:45:00,Zalgiris Kaunas @ Fenerbahce Tarfin Istanbul,Fenerbahce Tarfin Istanbul,"KEY, BRAXTON",Points,10.5,4,11.0; 2.0; 12.0; 13.0,,,,,
2026-10-13T19:45:00,Zalgiris Kaunas @ Fenerbahce Tarfin Istanbul,Fenerbahce Tarfin Istanbul,"KEY, BRAXTON",Rebounds,5.9,4,10.0; 5.0; 8.0; 7.0,,,,,
2026-10-13T19:45:00,Zalgiris Kaunas @ Fenerbahce Tarfin Istanbul,Fenerbahce Tarfin Istanbul,"KEY, BRAXTON",Assists,2.0,4,3.0; 1.0; 1.0; 2.0,,,,,
2026-10-13T19:45:00,Zalgiris Kaunas @ Fenerbahce Tarfin Istanbul,Fenerbahce Tarfin Istanbul,"SHIELDS, SHAVON",Points,8.8,4,12.0; 3.0; 9.0; 6.0,,,,,
2026-10-13T19:45:00,Zalgiris Kaunas @ Fenerbahce Tarfin Istanbul,Fenerbahce Tarfin Istanbul,"SHIELDS, SHAVON",Rebounds,3.5,4,2.0; 3.0; 3.0; 4.0,,,,,
2026-10-13T19:45:00,Zalgiris Kaunas @ Fenerbahce Tarfin Istanbul,Fenerbahce Tarfin Istanbul,"SHIELDS, SHAVON",Assists,1.7,4,3.0; 0.0; 1.0; 1.0,,,,,
2026-10-13T20:00:00,Crvena Zvezda Meridianbet Belgrade @ LDLC ASVEL Villeurbanne,Crvena Zvezda Meridianbet Belgrade,"NWORA, JORDAN",Points,13.1,4,10.0; 13.0; 12.0; 20.0,,,,,
2026-10-13T20:00:00,Crvena Zvezda Meridianbet Belgrade @ LDLC ASVEL Villeurbanne,Crvena Zvezda Meridianbet Belgrade,"NWORA, JORDAN",Rebounds,4.8,4,5.0; 5.0; 5.0; 6.0,,,,,
2026-10-13T20:00:00,Crvena Zvezda Meridianbet Belgrade @ LDLC ASVEL Villeurbanne,Crvena Zvezda Meridianbet Belgrade,"NWORA, JORDAN",Assists,1.3,4,1.0; 1.0; 0.0; 0.0,,,,,
2026-10-13T20:00:00,Crvena Zvezda Meridianbet Belgrade @ LDLC ASVEL Villeurbanne,Crvena Zvezda Meridianbet Belgrade,"BUTLER, JARED",Points,10.7,4,11.0; 19.0; 3.0; 11.0,,,,,
2026-10-13T20:00:00,Crvena Zvezda Meridianbet Belgrade @ LDLC ASVEL Villeurbanne,Crvena Zvezda Meridianbet Belgrade,"BUTLER, JARED",Rebounds,2.7,4,2.0; 2.0; 2.0; 1.0,,,,,
2026-10-13T20:00:00,Crvena Zvezda Meridianbet Belgrade @ LDLC ASVEL Villeurbanne,Crvena Zvezda Meridianbet Belgrade,"BUTLER, JARED",Assists,2.2,4,4.0; 2.0; 1.0; 2.0,,,,,
2026-10-13T20:00:00,Crvena Zvezda Meridianbet Belgrade @ LDLC ASVEL Villeurbanne,Crvena Zvezda Meridianbet Belgrade,"MONEKE, CHIMA",Points,10.5,4,9.0; 9.0; 18.0; 5.0,,,,,
2026-10-13T20:00:00,Crvena Zvezda Meridianbet Belgrade @ LDLC ASVEL Villeurbanne,Crvena Zvezda Meridianbet Belgrade,"MONEKE, CHIMA",Rebounds,4.5,4,3.0; 7.0; 7.0; 3.0,,,,,
2026-10-13T20:00:00,Crvena Zvezda Meridianbet Belgrade @ LDLC ASVEL Villeurbanne,Crvena Zvezda Meridianbet Belgrade,"MONEKE, CHIMA",Assists,1.6,4,1.0; 1.0; 1.0; 1.0,,,,,
2026-10-13T20:00:00,Crvena Zvezda Meridianbet Belgrade @ LDLC ASVEL Villeurbanne,Crvena Zvezda Meridianbet Belgrade,"OJELEYE, SEMI",Points,9.9,4,9.0; 4.0; 9.0; 12.0,,,,,
2026-10-13T20:00:00,Crvena Zvezda Meridianbet Belgrade @ LDLC ASVEL Villeurbanne,Crvena Zvezda Meridianbet Belgrade,"OJELEYE, SEMI",Rebounds,5.4,4,7.0; 8.0; 4.0; 7.0,,,,,
2026-10-13T20:00:00,Crvena Zvezda Meridianbet Belgrade @ LDLC ASVEL Villeurbanne,Crvena Zvezda Meridianbet Belgrade,"OJELEYE, SEMI",Assists,2.0,4,1.0; 3.0; 2.0; 1.0,,,,,
2026-10-13T20:00:00,Crvena Zvezda Meridianbet Belgrade @ LDLC ASVEL Villeurbanne,Crvena Zvezda Meridianbet Belgrade,"JONES, CHRIS",Points,8.8,4,15.0; 6.0; 1.0; 9.0,,,,,
2026-10-13T20:00:00,Crvena Zvezda Meridianbet Belgrade @ LDLC ASVEL Villeurbanne,Crvena Zvezda Meridianbet Belgrade,"JONES, CHRIS",Rebounds,2.8,4,2.0; 1.0; 0.0; 4.0,,,,,
2026-10-13T20:00:00,Crvena Zvezda Meridianbet Belgrade @ LDLC ASVEL Villeurbanne,Crvena Zvezda Meridianbet Belgrade,"JONES, CHRIS",Assists,3.7,4,8.0; 4.0; 4.0; 4.0,,,,,
2026-10-13T20:00:00,Crvena Zvezda Meridianbet Belgrade @ LDLC ASVEL Villeurbanne,LDLC ASVEL Villeurbanne,"MILLS, PATTY",Points,15.0,4,15.0; 5.0; 26.0; 21.0,,,,,
2026-10-13T20:00:00,Crvena Zvezda Meridianbet Belgrade @ LDLC ASVEL Villeurbanne,LDLC ASVEL Villeurbanne,"MILLS, PATTY",Rebounds,2.1,4,1.0; 1.0; 0.0; 1.0,,,,,
2026-10-13T20:00:00,Crvena Zvezda Meridianbet Belgrade @ LDLC ASVEL Villeurbanne,LDLC ASVEL Villeurbanne,"MILLS, PATTY",Assists,2.7,4,3.0; 1.0; 3.0; 4.0,,,,,
2026-10-13T20:00:00,Crvena Zvezda Meridianbet Belgrade @ LDLC ASVEL Villeurbanne,LDLC ASVEL Villeurbanne,"BESSON, HUGO",Points,12.9,4,8.0; 10.0; 19.0; 16.0,,,,,
2026-10-13T20:00:00,Crvena Zvezda Meridianbet Belgrade @ LDLC ASVEL Villeurbanne,LDLC ASVEL Villeurbanne,"BESSON, HUGO",Rebounds,3.8,4,3.0; 2.0; 2.0; 6.0,,,,,
2026-10-13T20:00:00,Crvena Zvezda Meridianbet Belgrade @ LDLC ASVEL Villeurbanne,LDLC ASVEL Villeurbanne,"BESSON, HUGO",Assists,3.2,4,4.0; 2.0; 6.0; 3.0,,,,,
2026-10-13T20:00:00,Crvena Zvezda Meridianbet Belgrade @ LDLC ASVEL Villeurbanne,LDLC ASVEL Villeurbanne,"CROWDER, JAE",Points,10.7,4,19.0; 4.0; 10.0; 11.0,,,,,
2026-10-13T20:00:00,Crvena Zvezda Meridianbet Belgrade @ LDLC ASVEL Villeurbanne,LDLC ASVEL Villeurbanne,"CROWDER, JAE",Rebounds,4.3,4,4.0; 1.0; 7.0; 5.0,,,,,
2026-10-13T20:00:00,Crvena Zvezda Meridianbet Belgrade @ LDLC ASVEL Villeurbanne,LDLC ASVEL Villeurbanne,"CROWDER, JAE",Assists,3.4,4,4.0; 3.0; 4.0; 5.0,,,,,
2026-10-13T20:00:00,Crvena Zvezda Meridianbet Belgrade @ LDLC ASVEL Villeurbanne,LDLC ASVEL Villeurbanne,"WATERS, TREMONT",Points,11.0,4,2.0; 7.0; 9.0; 19.0,,,,,
2026-10-13T20:00:00,Crvena Zvezda Meridianbet Belgrade @ LDLC ASVEL Villeurbanne,LDLC ASVEL Villeurbanne,"WATERS, TREMONT",Rebounds,2.8,4,1.0; 1.0; 3.0; 2.0,,,,,
2026-10-13T20:00:00,Crvena Zvezda Meridianbet Belgrade @ LDLC ASVEL Villeurbanne,LDLC ASVEL Villeurbanne,"WATERS, TREMONT",Assists,2.9,4,1.0; 3.0; 5.0; 3.0,,,,,
2026-10-13T20:00:00,Crvena Zvezda Meridianbet Belgrade @ LDLC ASVEL Villeurbanne,LDLC ASVEL Villeurbanne,"GACH, BOTH",Points,9.3,4,5.0; 6.0; 0.0; 17.0,,,,,
2026-10-13T20:00:00,Crvena Zvezda Meridianbet Belgrade @ LDLC ASVEL Villeurbanne,LDLC ASVEL Villeurbanne,"GACH, BOTH",Rebounds,2.7,4,0.0; 0.0; 0.0; 5.0,,,,,
2026-10-13T20:00:00,Crvena Zvezda Meridianbet Belgrade @ LDLC ASVEL Villeurbanne,LDLC ASVEL Villeurbanne,"GACH, BOTH",Assists,2.7,4,1.0; 1.0; 1.0; 6.0,,,,,
2026-10-13T20:30:00,Panathinaikos AKTOR Athens @ Partizan Mozzart Bet Belgrade,Panathinaikos AKTOR Athens,"FRANCISCO, SYLVAIN",Points,13.8,4,18.0; 19.0; 11.0; 17.0,,,,,
2026-10-13T20:30:00,Panathinaikos AKTOR Athens @ Partizan Mozzart Bet Belgrade,Panathinaikos AKTOR Athens,"FRANCISCO, SYLVAIN",Rebounds,3.2,4,2.0; 2.0; 3.0; 3.0,,,,,
2026-10-13T20:30:00,Panathinaikos AKTOR Athens @ Partizan Mozzart Bet Belgrade,Panathinaikos AKTOR Athens,"FRANCISCO, SYLVAIN",Assists,3.8,4,4.0; 3.0; 4.0; 7.0,,,,,
2026-10-13T20:30:00,Panathinaikos AKTOR Athens @ Partizan Mozzart Bet Belgrade,Panathinaikos AKTOR Athens,"HAYES-DAVIS, NIGEL",Points,13.2,2,13.0; 19.0,,,,,
2026-10-13T20:30:00,Panathinaikos AKTOR Athens @ Partizan Mozzart Bet Belgrade,Panathinaikos AKTOR Athens,"HAYES-DAVIS, NIGEL",Rebounds,4.0,2,4.0; 4.0,,,,,
2026-10-13T20:30:00,Panathinaikos AKTOR Athens @ Partizan Mozzart Bet Belgrade,Panathinaikos AKTOR Athens,"HAYES-DAVIS, NIGEL",Assists,2.2,2,4.0; 0.0,,,,,
2026-10-13T20:30:00,Panathinaikos AKTOR Athens @ Partizan Mozzart Bet Belgrade,Panathinaikos AKTOR Athens,"LESSORT, MATHIAS",Points,12.5,4,15.0; 12.0; 7.0; 19.0,,,,,
2026-10-13T20:30:00,Panathinaikos AKTOR Athens @ Partizan Mozzart Bet Belgrade,Panathinaikos AKTOR Athens,"LESSORT, MATHIAS",Rebounds,5.6,4,9.0; 8.0; 3.0; 8.0,,,,,
2026-10-13T20:30:00,Panathinaikos AKTOR Athens @ Partizan Mozzart Bet Belgrade,Panathinaikos AKTOR Athens,"LESSORT, MATHIAS",Assists,1.8,4,2.0; 3.0; 0.0; 1.0,,,,,
2026-10-13T20:30:00,Panathinaikos AKTOR Athens @ Partizan Mozzart Bet Belgrade,Panathinaikos AKTOR Athens,"YABUSELE, GUERSCHON",Points,11.3,4,13.0; 9.0; 17.0; 8.0,,,,,
2026-10-13T20:30:00,Panathinaikos AKTOR Athens @ Partizan Mozzart Bet Belgrade,Panathinaikos AKTOR Athens,"YABUSELE, GUERSCHON",Rebounds,4.4,4,5.0; 5.0; 1.0; 7.0,,,,,
2026-10-13T20:30:00,Panathinaikos AKTOR Athens @ Partizan Mozzart Bet Belgrade,Panathinaikos AKTOR Athens,"YABUSELE, GUERSCHON",Assists,1.8,4,0.0; 3.0; 1.0; 1.0,,,,,
2026-10-13T20:30:00,Panathinaikos AKTOR Athens @ Partizan Mozzart Bet Belgrade,Panathinaikos AKTOR Athens,"MANTZOUKAS, ELEFTHERIOS",Points,9.7,4,10.0; 16.0; 11.0; 2.0,,,,,
2026-10-13T20:30:00,Panathinaikos AKTOR Athens @ Partizan Mozzart Bet Belgrade,Panathinaikos AKTOR Athens,"MANTZOUKAS, ELEFTHERIOS",Rebounds,3.1,4,4.0; 6.0; 2.0; 0.0,,,,,
2026-10-13T20:30:00,Panathinaikos AKTOR Athens @ Partizan Mozzart Bet Belgrade,Panathinaikos AKTOR Athens,"MANTZOUKAS, ELEFTHERIOS",Assists,1.8,4,1.0; 1.0; 2.0; 1.0,,,,,
2026-10-13T20:30:00,Panathinaikos AKTOR Athens @ Partizan Mozzart Bet Belgrade,Partizan Mozzart Bet Belgrade,"JONES, CARLIK",Points,15.3,4,20.0; 20.0; 16.0; 19.0,,,,,
2026-10-13T20:30:00,Panathinaikos AKTOR Athens @ Partizan Mozzart Bet Belgrade,Partizan Mozzart Bet Belgrade,"JONES, CARLIK",Rebounds,3.3,4,4.0; 1.0; 2.0; 4.0,,,,,
2026-10-13T20:30:00,Panathinaikos AKTOR Athens @ Partizan Mozzart Bet Belgrade,Partizan Mozzart Bet Belgrade,"JONES, CARLIK",Assists,4.4,4,10.0; 5.0; 5.0; 5.0,,,,,
2026-10-13T20:30:00,Panathinaikos AKTOR Athens @ Partizan Mozzart Bet Belgrade,Partizan Mozzart Bet Belgrade,"JEKIRI, TONYE",Points,12.0,4,7.0; 15.0; 17.0; 11.0,,,,,
2026-10-13T20:30:00,Panathinaikos AKTOR Athens @ Partizan Mozzart Bet Belgrade,Partizan Mozzart Bet Belgrade,"JEKIRI, TONYE",Rebounds,3.8,4,1.0; 7.0; 5.0; 2.0,,,,,
2026-10-13T20:30:00,Panathinaikos AKTOR Athens @ Partizan Mozzart Bet Belgrade,Partizan Mozzart Bet Belgrade,"JEKIRI, TONYE",Assists,1.6,4,3.0; 1.0; 1.0; 0.0,,,,,
2026-10-13T20:30:00,Panathinaikos AKTOR Athens @ Partizan Mozzart Bet Belgrade,Partizan Mozzart Bet Belgrade,"STEVENS, LAMAR",Points,10.3,2,11.0; 8.0,,,,,
2026-10-13T20:30:00,Panathinaikos AKTOR Athens @ Partizan Mozzart Bet Belgrade,Partizan Mozzart Bet Belgrade,"STEVENS, LAMAR",Rebounds,3.9,2,5.0; 3.0,,,,,
2026-10-13T20:30:00,Panathinaikos AKTOR Athens @ Partizan Mozzart Bet Belgrade,Partizan Mozzart Bet Belgrade,"STEVENS, LAMAR",Assists,2.0,2,0.0; 2.0,,,,,
2026-10-13T20:30:00,Panathinaikos AKTOR Athens @ Partizan Mozzart Bet Belgrade,Partizan Mozzart Bet Belgrade,"VILDOZA, LUCA",Points,8.9,4,7.0; 16.0; 8.0; 2.0,,,,,
2026-10-13T20:30:00,Panathinaikos AKTOR Athens @ Partizan Mozzart Bet Belgrade,Partizan Mozzart Bet Belgrade,"VILDOZA, LUCA",Rebounds,2.5,4,1.0; 0.0; 3.0; 1.0,,,,,
2026-10-13T20:30:00,Panathinaikos AKTOR Athens @ Partizan Mozzart Bet Belgrade,Partizan Mozzart Bet Belgrade,"VILDOZA, LUCA",Assists,2.6,4,3.0; 2.0; 4.0; 2.0,,,,,
2026-10-13T20:30:00,Panathinaikos AKTOR Athens @ Partizan Mozzart Bet Belgrade,Partizan Mozzart Bet Belgrade,"TANASKOVIC, NIKOLA",Points,9.0,4,7.0; 9.0; 6.0; 8.0,,,,,
2026-10-13T20:30:00,Panathinaikos AKTOR Athens @ Partizan Mozzart Bet Belgrade,Partizan Mozzart Bet Belgrade,"TANASKOVIC, NIKOLA",Rebounds,3.6,4,6.0; 2.0; 2.0; 4.0,,,,,
2026-10-13T20:30:00,Panathinaikos AKTOR Athens @ Partizan Mozzart Bet Belgrade,Partizan Mozzart Bet Belgrade,"TANASKOVIC, NIKOLA",Assists,1.3,4,0.0; 1.0; 1.0; 0.0,,,,,
2026-10-13T20:30:00,Maccabi Rapyd Tel Aviv @ FC Barcelona,Maccabi Rapyd Tel Aviv,"SORKIN, ROMAN",Points,11.5,4,13.0; 9.0; 13.0; 12.0,,,,,
2026-10-13T20:30:00,Maccabi Rapyd Tel Aviv @ FC Barcelona,Maccabi Rapyd Tel Aviv,"SORKIN, ROMAN",Rebounds,3.2,4,5.0; 2.0; 4.0; 1.0,,,,,
2026-10-13T20:30:00,Maccabi Rapyd Tel Aviv @ FC Barcelona,Maccabi Rapyd Tel Aviv,"SORKIN, ROMAN",Assists,1.7,4,2.0; 0.0; 3.0; 0.0,,,,,
2026-10-13T20:30:00,Maccabi Rapyd Tel Aviv @ FC Barcelona,Maccabi Rapyd Tel Aviv,"CLARK III, JIMMY",Points,10.3,4,9.0; 15.0; 7.0; 9.0,,,,,
2026-10-13T20:30:00,Maccabi Rapyd Tel Aviv @ FC Barcelona,Maccabi Rapyd Tel Aviv,"CLARK III, JIMMY",Rebounds,3.3,4,4.0; 3.0; 3.0; 2.0,,,,,
2026-10-13T20:30:00,Maccabi Rapyd Tel Aviv @ FC Barcelona,Maccabi Rapyd Tel Aviv,"CLARK III, JIMMY",Assists,3.5,4,6.0; 5.0; 3.0; 4.0,,,,,
2026-10-13T20:30:00,Maccabi Rapyd Tel Aviv @ FC Barcelona,Maccabi Rapyd Tel Aviv,"MADAR, YAM",Points,10.7,4,13.0; 6.0; 4.0; 17.0,,,,,
2026-10-13T20:30:00,Maccabi Rapyd Tel Aviv @ FC Barcelona,Maccabi Rapyd Tel Aviv,"MADAR, YAM",Rebounds,2.5,4,3.0; 1.0; 0.0; 2.0,,,,,
2026-10-13T20:30:00,Maccabi Rapyd Tel Aviv @ FC Barcelona,Maccabi Rapyd Tel Aviv,"MADAR, YAM",Assists,4.0,4,8.0; 6.0; 4.0; 4.0,,,,,
2026-10-13T20:30:00,Maccabi Rapyd Tel Aviv @ FC Barcelona,Maccabi Rapyd Tel Aviv,"HOARD, JAYLEN",Points,10.0,4,15.0; 8.0; 2.0; 13.0,,,,,
2026-10-13T20:30:00,Maccabi Rapyd Tel Aviv @ FC Barcelona,Maccabi Rapyd Tel Aviv,"HOARD, JAYLEN",Rebounds,4.1,4,6.0; 3.0; 4.0; 4.0,,,,,
2026-10-13T20:30:00,Maccabi Rapyd Tel Aviv @ FC Barcelona,Maccabi Rapyd Tel Aviv,"HOARD, JAYLEN",Assists,2.1,4,0.0; 2.0; 0.0; 4.0,,,,,
2026-10-13T20:30:00,Maccabi Rapyd Tel Aviv @ FC Barcelona,Maccabi Rapyd Tel Aviv,"THEIS, DANIEL",Points,9.8,3,9.0; 9.0; 8.0,,,,,
2026-10-13T20:30:00,Maccabi Rapyd Tel Aviv @ FC Barcelona,Maccabi Rapyd Tel Aviv,"THEIS, DANIEL",Rebounds,3.3,3,3.0; 2.0; 3.0,,,,,
2026-10-13T20:30:00,Maccabi Rapyd Tel Aviv @ FC Barcelona,Maccabi Rapyd Tel Aviv,"THEIS, DANIEL",Assists,1.8,3,0.0; 1.0; 2.0,,,,,
2026-10-13T20:30:00,Maccabi Rapyd Tel Aviv @ FC Barcelona,FC Barcelona,"PUNTER, KEVIN",Points,15.3,3,19.0; 25.0; 16.0,,,,,
2026-10-13T20:30:00,Maccabi Rapyd Tel Aviv @ FC Barcelona,FC Barcelona,"PUNTER, KEVIN",Rebounds,3.4,3,1.0; 5.0; 2.0,,,,,
2026-10-13T20:30:00,Maccabi Rapyd Tel Aviv @ FC Barcelona,FC Barcelona,"PUNTER, KEVIN",Assists,2.5,3,1.0; 2.0; 4.0,,,,,
2026-10-13T20:30:00,Maccabi Rapyd Tel Aviv @ FC Barcelona,FC Barcelona,"GIBSON, UMOJA",Points,11.9,3,10.0; 12.0; 15.0,,,,,
2026-10-13T20:30:00,Maccabi Rapyd Tel Aviv @ FC Barcelona,FC Barcelona,"GIBSON, UMOJA",Rebounds,3.5,3,6.0; 2.0; 2.0,,,,,
2026-10-13T20:30:00,Maccabi Rapyd Tel Aviv @ FC Barcelona,FC Barcelona,"GIBSON, UMOJA",Assists,2.5,3,2.0; 2.0; 3.0,,,,,
2026-10-13T20:30:00,Maccabi Rapyd Tel Aviv @ FC Barcelona,FC Barcelona,"BALCEROWSKI, OLEK",Points,10.7,3,10.0; 10.0; 11.0,,,,,
2026-10-13T20:30:00,Maccabi Rapyd Tel Aviv @ FC Barcelona,FC Barcelona,"BALCEROWSKI, OLEK",Rebounds,3.0,3,4.0; 3.0; 0.0,,,,,
2026-10-13T20:30:00,Maccabi Rapyd Tel Aviv @ FC Barcelona,FC Barcelona,"BALCEROWSKI, OLEK",Assists,1.8,3,2.0; 2.0; 0.0,,,,,
2026-10-13T20:30:00,Maccabi Rapyd Tel Aviv @ FC Barcelona,FC Barcelona,"BRIZUELA, DARIO",Points,9.7,3,20.0; 0.0; 8.0,,,,,
2026-10-13T20:30:00,Maccabi Rapyd Tel Aviv @ FC Barcelona,FC Barcelona,"BRIZUELA, DARIO",Rebounds,3.0,3,2.0; 1.0; 3.0,,,,,
2026-10-13T20:30:00,Maccabi Rapyd Tel Aviv @ FC Barcelona,FC Barcelona,"BRIZUELA, DARIO",Assists,1.4,3,0.0; 1.0; 0.0,,,,,
2026-10-13T20:30:00,Maccabi Rapyd Tel Aviv @ FC Barcelona,FC Barcelona,"ROBINSON, JUSTIN",Points,9.8,3,10.0; 7.0; 9.0,,,,,
2026-10-13T20:30:00,Maccabi Rapyd Tel Aviv @ FC Barcelona,FC Barcelona,"ROBINSON, JUSTIN",Rebounds,2.8,3,2.0; 1.0; 2.0,,,,,
2026-10-13T20:30:00,Maccabi Rapyd Tel Aviv @ FC Barcelona,FC Barcelona,"ROBINSON, JUSTIN",Assists,3.0,3,2.0; 5.0; 3.0,,,,,
2026-10-13T20:30:00,Real Madrid @ Armani Olimpia Milan,Real Madrid,"MALEDON, THEO",Points,13.5,4,11.0; 9.0; 26.0; 13.0,,,,,
2026-10-13T20:30:00,Real Madrid @ Armani Olimpia Milan,Real Madrid,"MALEDON, THEO",Rebounds,3.8,4,4.0; 4.0; 5.0; 2.0,,,,,
2026-10-13T20:30:00,Real Madrid @ Armani Olimpia Milan,Real Madrid,"MALEDON, THEO",Assists,4.1,4,6.0; 5.0; 7.0; 4.0,,,,,
2026-10-13T20:30:00,Real Madrid @ Armani Olimpia Milan,Real Madrid,"SMITH JR, NICK",Points,10.6,3,10.0; 12.0; 9.0,,,,,
2026-10-13T20:30:00,Real Madrid @ Armani Olimpia Milan,Real Madrid,"SMITH JR, NICK",Rebounds,3.2,3,2.0; 2.0; 3.0,,,,,
2026-10-13T20:30:00,Real Madrid @ Armani Olimpia Milan,Real Madrid,"SMITH JR, NICK",Assists,1.8,3,1.0; 1.0; 1.0,,,,,
2026-10-13T20:30:00,Real Madrid @ Armani Olimpia Milan,Real Madrid,"LUWAWU-CABARROT, TIMOTHE",Points,10.4,4,11.0; 0.0; 21.0; 7.0,,,,,
2026-10-13T20:30:00,Real Madrid @ Armani Olimpia Milan,Real Madrid,"LUWAWU-CABARROT, TIMOTHE",Rebounds,3.2,4,0.0; 0.0; 2.0; 6.0,,,,,
2026-10-13T20:30:00,Real Madrid @ Armani Olimpia Milan,Real Madrid,"LUWAWU-CABARROT, TIMOTHE",Assists,1.6,4,0.0; 0.0; 2.0; 1.0,,,,,
2026-10-13T20:30:00,Real Madrid @ Armani Olimpia Milan,Real Madrid,"TAVARES, WALTER",Points,10.2,4,8.0; 8.0; 14.0; 8.0,,,,,
2026-10-13T20:30:00,Real Madrid @ Armani Olimpia Milan,Real Madrid,"TAVARES, WALTER",Rebounds,6.6,4,4.0; 7.0; 13.0; 8.0,,,,,
2026-10-13T20:30:00,Real Madrid @ Armani Olimpia Milan,Real Madrid,"TAVARES, WALTER",Assists,1.3,4,0.0; 0.0; 0.0; 1.0,,,,,
2026-10-13T20:30:00,Real Madrid @ Armani Olimpia Milan,Real Madrid,"CAMPAZZO, FACUNDO",Points,10.1,4,6.0; 16.0; 3.0; 12.0,,,,,
2026-10-13T20:30:00,Real Madrid @ Armani Olimpia Milan,Real Madrid,"CAMPAZZO, FACUNDO",Rebounds,2.6,4,2.0; 3.0; 2.0; 0.0,,,,,
2026-10-13T20:30:00,Real Madrid @ Armani Olimpia Milan,Real Madrid,"CAMPAZZO, FACUNDO",Assists,3.3,4,2.0; 3.0; 7.0; 3.0,,,,,
2026-10-13T20:30:00,Real Madrid @ Armani Olimpia Milan,Armani Olimpia Milan,"WRIGHT, MOSES",Points,13.9,4,6.0; 11.0; 17.0; 23.0,,,,,
2026-10-13T20:30:00,Real Madrid @ Armani Olimpia Milan,Armani Olimpia Milan,"WRIGHT, MOSES",Rebounds,5.8,4,7.0; 7.0; 6.0; 8.0,,,,,
2026-10-13T20:30:00,Real Madrid @ Armani Olimpia Milan,Armani Olimpia Milan,"WRIGHT, MOSES",Assists,1.7,4,3.0; 0.0; 1.0; 1.0,,,,,
2026-10-13T20:30:00,Real Madrid @ Armani Olimpia Milan,Armani Olimpia Milan,"GUDURIC, MARKO",Points,11.0,3,17.0; 14.0; 5.0,,,,,
2026-10-13T20:30:00,Real Madrid @ Armani Olimpia Milan,Armani Olimpia Milan,"GUDURIC, MARKO",Rebounds,3.2,3,3.0; 4.0; 1.0,,,,,
2026-10-13T20:30:00,Real Madrid @ Armani Olimpia Milan,Armani Olimpia Milan,"GUDURIC, MARKO",Assists,2.6,3,5.0; 2.0; 2.0,,,,,
2026-10-13T20:30:00,Real Madrid @ Armani Olimpia Milan,Armani Olimpia Milan,"PETERS, ALEC",Points,11.1,4,17.0; 7.0; 10.0; 12.0,,,,,
2026-10-13T20:30:00,Real Madrid @ Armani Olimpia Milan,Armani Olimpia Milan,"PETERS, ALEC",Rebounds,4.0,4,2.0; 5.0; 7.0; 2.0,,,,,
2026-10-13T20:30:00,Real Madrid @ Armani Olimpia Milan,Armani Olimpia Milan,"PETERS, ALEC",Assists,1.7,4,1.0; 0.0; 1.0; 2.0,,,,,
2026-10-13T20:30:00,Real Madrid @ Armani Olimpia Milan,Armani Olimpia Milan,"HALL, DEVON",Points,10.0,4,13.0; 12.0; 12.0; 4.0,,,,,
2026-10-13T20:30:00,Real Madrid @ Armani Olimpia Milan,Armani Olimpia Milan,"HALL, DEVON",Rebounds,3.4,4,5.0; 1.0; 2.0; 4.0,,,,,
2026-10-13T20:30:00,Real Madrid @ Armani Olimpia Milan,Armani Olimpia Milan,"HALL, DEVON",Assists,5.2,4,3.0; 1.0; 12.0; 9.0,,,,,
2026-10-13T20:30:00,Real Madrid @ Armani Olimpia Milan,Armani Olimpia Milan,"COLE, RJ",Points,8.9,4,0.0; 11.0; 8.0; 8.0,,,,,
2026-10-13T20:30:00,Real Madrid @ Armani Olimpia Milan,Armani Olimpia Milan,"COLE, RJ",Rebounds,3.0,4,0.0; 2.0; 4.0; 2.0,,,,,
2026-10-13T20:30:00,Real Madrid @ Armani Olimpia Milan,Armani Olimpia Milan,"COLE, RJ",Assists,1.6,4,0.0; 3.0; 0.0; 1.0,,,,,
2026-10-13T20:30:00,Dubai Basketball @ Kosner Baskonia Vitoria-Gasteiz,Dubai Basketball,"BACON, DWAYNE",Points,13.1,4,24.0; 14.0; 12.0; 13.0,,,,,
2026-10-13T20:30:00,Dubai Basketball @ Kosner Baskonia Vitoria-Gasteiz,Dubai Basketball,"BACON, DWAYNE",Rebounds,3.8,4,5.0; 7.0; 1.0; 3.0,,,,,
2026-10-13T20:30:00,Dubai Basketball @ Kosner Baskonia Vitoria-Gasteiz,Dubai Basketball,"BACON, DWAYNE",Assists,2.4,4,4.0; 1.0; 0.0; 4.0,,,,,
2026-10-13T20:30:00,Dubai Basketball @ Kosner Baskonia Vitoria-Gasteiz,Dubai Basketball,"OKOBO, ELIE",Points,11.4,4,8.0; 9.0; 18.0; 10.0,,,,,
2026-10-13T20:30:00,Dubai Basketball @ Kosner Baskonia Vitoria-Gasteiz,Dubai Basketball,"OKOBO, ELIE",Rebounds,3.2,4,4.0; 2.0; 2.0; 3.0,,,,,
2026-10-13T20:30:00,Dubai Basketball @ Kosner Baskonia Vitoria-Gasteiz,Dubai Basketball,"OKOBO, ELIE",Assists,3.2,4,4.0; 6.0; 4.0; 2.0,,,,,
2026-10-13T20:30:00,Dubai Basketball @ Kosner Baskonia Vitoria-Gasteiz,Dubai Basketball,"KABENGELE, MFIONDU",Points,10.5,4,9.0; 21.0; 5.0; 8.0,,,,,
2026-10-13T20:30:00,Dubai Basketball @ Kosner Baskonia Vitoria-Gasteiz,Dubai Basketball,"KABENGELE, MFIONDU",Rebounds,5.6,4,7.0; 6.0; 12.0; 3.0,,,,,
2026-10-13T20:30:00,Dubai Basketball @ Kosner Baskonia Vitoria-Gasteiz,Dubai Basketball,"KABENGELE, MFIONDU",Assists,1.9,4,3.0; 0.0; 2.0; 1.0,,,,,
2026-10-13T20:30:00,Dubai Basketball @ Kosner Baskonia Vitoria-Gasteiz,Dubai Basketball,"WRIGHT IV, MCKINLEY",Points,9.4,4,12.0; 14.0; 12.0; 0.0,,,,,
2026-10-13T20:30:00,Dubai Basketball @ Kosner Baskonia Vitoria-Gasteiz,Dubai Basketball,"WRIGHT IV, MCKINLEY",Rebounds,2.8,4,5.0; 2.0; 1.0; 1.0,,,,,
2026-10-13T20:30:00,Dubai Basketball @ Kosner Baskonia Vitoria-Gasteiz,Dubai Basketball,"WRIGHT IV, MCKINLEY",Assists,2.2,4,3.0; 3.0; 2.0; 1.0,,,,,
2026-10-13T20:30:00,Dubai Basketball @ Kosner Baskonia Vitoria-Gasteiz,Dubai Basketball,"DIAKITE, MAMADI",Points,9.1,4,6.0; 7.0; 10.0; 7.0,,,,,
2026-10-13T20:30:00,Dubai Basketball @ Kosner Baskonia Vitoria-Gasteiz,Dubai Basketball,"DIAKITE, MAMADI",Rebounds,3.8,4,2.0; 0.0; 2.0; 8.0,,,,,
2026-10-13T20:30:00,Dubai Basketball @ Kosner Baskonia Vitoria-Gasteiz,Dubai Basketball,"DIAKITE, MAMADI",Assists,1.4,4,1.0; 2.0; 0.0; 0.0,,,,,
2026-10-13T20:30:00,Dubai Basketball @ Kosner Baskonia Vitoria-Gasteiz,Kosner Baskonia Vitoria-Gasteiz,"LAWSON, A.J.",Points,13.5,3,20.0; 13.0; 16.0,,,,,
2026-10-13T20:30:00,Dubai Basketball @ Kosner Baskonia Vitoria-Gasteiz,Kosner Baskonia Vitoria-Gasteiz,"LAWSON, A.J.",Rebounds,3.5,3,4.0; 2.0; 3.0,,,,,
2026-10-13T20:30:00,Dubai Basketball @ Kosner Baskonia Vitoria-Gasteiz,Kosner Baskonia Vitoria-Gasteiz,"LAWSON, A.J.",Assists,2.5,3,2.0; 2.0; 3.0,,,,,
2026-10-13T20:30:00,Dubai Basketball @ Kosner Baskonia Vitoria-Gasteiz,Kosner Baskonia Vitoria-Gasteiz,"SEDEKERSKIS, TADAS",Points,10.8,3,15.0; 16.0; 4.0,,,,,
2026-10-13T20:30:00,Dubai Basketball @ Kosner Baskonia Vitoria-Gasteiz,Kosner Baskonia Vitoria-Gasteiz,"SEDEKERSKIS, TADAS",Rebounds,3.8,3,2.0; 7.0; 2.0,,,,,
2026-10-13T20:30:00,Dubai Basketball @ Kosner Baskonia Vitoria-Gasteiz,Kosner Baskonia Vitoria-Gasteiz,"SEDEKERSKIS, TADAS",Assists,1.2,3,0.0; 0.0; 0.0,,,,,
2026-10-13T20:30:00,Dubai Basketball @ Kosner Baskonia Vitoria-Gasteiz,Kosner Baskonia Vitoria-Gasteiz,"STEWART, DJ",Points,11.3,3,8.0; 14.0; 12.0,,,,,
2026-10-13T20:30:00,Dubai Basketball @ Kosner Baskonia Vitoria-Gasteiz,Kosner Baskonia Vitoria-Gasteiz,"STEWART, DJ",Rebounds,2.5,3,1.0; 2.0; 0.0,,,,,
2026-10-13T20:30:00,Dubai Basketball @ Kosner Baskonia Vitoria-Gasteiz,Kosner Baskonia Vitoria-Gasteiz,"STEWART, DJ",Assists,2.3,3,0.0; 4.0; 2.0,,,,,
2026-10-13T20:30:00,Dubai Basketball @ Kosner Baskonia Vitoria-Gasteiz,Kosner Baskonia Vitoria-Gasteiz,"DUARTE, CHRIS",Points,10.2,3,9.0; 9.0; 10.0,,,,,
2026-10-13T20:30:00,Dubai Basketball @ Kosner Baskonia Vitoria-Gasteiz,Kosner Baskonia Vitoria-Gasteiz,"DUARTE, CHRIS",Rebounds,4.0,3,5.0; 3.0; 4.0,,,,,
2026-10-13T20:30:00,Dubai Basketball @ Kosner Baskonia Vitoria-Gasteiz,Kosner Baskonia Vitoria-Gasteiz,"DUARTE, CHRIS",Assists,2.0,3,3.0; 0.0; 2.0,,,,,
2026-10-13T20:30:00,Dubai Basketball @ Kosner Baskonia Vitoria-Gasteiz,Kosner Baskonia Vitoria-Gasteiz,"FARIED, KENNETH",Points,9.8,3,5.0; 15.0; 6.0,,,,,
2026-10-13T20:30:00,Dubai Basketball @ Kosner Baskonia Vitoria-Gasteiz,Kosner Baskonia Vitoria-Gasteiz,"FARIED, KENNETH",Rebounds,4.5,3,3.0; 5.0; 6.0,,,,,
2026-10-13T20:30:00,Dubai Basketball @ Kosner Baskonia Vitoria-Gasteiz,Kosner Baskonia Vitoria-Gasteiz,"FARIED, KENNETH",Assists,1.2,3,0.0; 0.0; 0.0,,,,,
2026-10-13T21:00:00,Olympiacos Piraeus @ Valencia Basket,Olympiacos Piraeus,"VEZENKOV, SASHA",Points,15.4,3,22.0; 18.0; 20.0,,,,,
2026-10-13T21:00:00,Olympiacos Piraeus @ Valencia Basket,Olympiacos Piraeus,"VEZENKOV, SASHA",Rebounds,5.2,3,5.0; 8.0; 6.0,,,,,
2026-10-13T21:00:00,Olympiacos Piraeus @ Valencia Basket,Olympiacos Piraeus,"VEZENKOV, SASHA",Assists,1.5,3,1.0; 1.0; 0.0,,,,,
2026-10-13T21:00:00,Olympiacos Piraeus @ Valencia Basket,Olympiacos Piraeus,"DORSEY, TYLER",Points,14.9,3,25.0; 10.0; 22.0,,,,,
2026-10-13T21:00:00,Olympiacos Piraeus @ Valencia Basket,Olympiacos Piraeus,"DORSEY, TYLER",Rebounds,2.8,3,2.0; 2.0; 1.0,,,,,
2026-10-13T21:00:00,Olympiacos Piraeus @ Valencia Basket,Olympiacos Piraeus,"DORSEY, TYLER",Assists,2.0,3,1.0; 1.0; 2.0,,,,,
2026-10-13T21:00:00,Olympiacos Piraeus @ Valencia Basket,Olympiacos Piraeus,"MONTERO, JEAN",Points,11.5,3,15.0; 15.0; 8.0,,,,,
2026-10-13T21:00:00,Olympiacos Piraeus @ Valencia Basket,Olympiacos Piraeus,"MONTERO, JEAN",Rebounds,3.5,3,5.0; 3.0; 2.0,,,,,
2026-10-13T21:00:00,Olympiacos Piraeus @ Valencia Basket,Olympiacos Piraeus,"MONTERO, JEAN",Assists,3.9,3,5.0; 7.0; 4.0,,,,,
2026-10-13T21:00:00,Olympiacos Piraeus @ Valencia Basket,Olympiacos Piraeus,"NDIAYE, MBAYE",Points,12.3,3,4.0; 9.0; 23.0,,,,,
2026-10-13T21:00:00,Olympiacos Piraeus @ Valencia Basket,Olympiacos Piraeus,"NDIAYE, MBAYE",Rebounds,3.5,3,0.0; 0.0; 7.0,,,,,
2026-10-13T21:00:00,Olympiacos Piraeus @ Valencia Basket,Olympiacos Piraeus,"NDIAYE, MBAYE",Assists,1.2,3,0.0; 0.0; 0.0,,,,,
2026-10-13T21:00:00,Olympiacos Piraeus @ Valencia Basket,Olympiacos Piraeus,"FOURNIER, EVAN",Points,10.7,3,7.0; 19.0; 6.0,,,,,
2026-10-13T21:00:00,Olympiacos Piraeus @ Valencia Basket,Olympiacos Piraeus,"FOURNIER, EVAN",Rebounds,3.8,3,1.0; 1.0; 7.0,,,,,
2026-10-13T21:00:00,Olympiacos Piraeus @ Valencia Basket,Olympiacos Piraeus,"FOURNIER, EVAN",Assists,2.0,3,3.0; 0.0; 2.0,,,,,
2026-10-13T21:00:00,Olympiacos Piraeus @ Valencia Basket,Valencia Basket,"SHORTS, TJ",Points,14.3,4,26.0; 12.0; 17.0; 15.0,,,,,
2026-10-13T21:00:00,Olympiacos Piraeus @ Valencia Basket,Valencia Basket,"SHORTS, TJ",Rebounds,2.4,4,1.0; 0.0; 4.0; 0.0,,,,,
2026-10-13T21:00:00,Olympiacos Piraeus @ Valencia Basket,Valencia Basket,"SHORTS, TJ",Assists,4.8,4,2.0; 10.0; 6.0; 7.0,,,,,
2026-10-13T21:00:00,Olympiacos Piraeus @ Valencia Basket,Valencia Basket,"MIROTIC, NIKOLA",Points,12.7,4,13.0; 13.0; 22.0; 9.0,,,,,
2026-10-13T21:00:00,Olympiacos Piraeus @ Valencia Basket,Valencia Basket,"MIROTIC, NIKOLA",Rebounds,3.8,4,3.0; 4.0; 2.0; 5.0,,,,,
2026-10-13T21:00:00,Olympiacos Piraeus @ Valencia Basket,Valencia Basket,"MIROTIC, NIKOLA",Assists,1.6,4,0.0; 1.0; 1.0; 1.0,,,,,
2026-10-13T21:00:00,Olympiacos Piraeus @ Valencia Basket,Valencia Basket,"TAYLOR, KAMERON",Points,12.2,4,12.0; 6.0; 14.0; 17.0,,,,,
2026-10-13T21:00:00,Olympiacos Piraeus @ Valencia Basket,Valencia Basket,"TAYLOR, KAMERON",Rebounds,4.6,4,7.0; 4.0; 5.0; 5.0,,,,,
2026-10-13T21:00:00,Olympiacos Piraeus @ Valencia Basket,Valencia Basket,"TAYLOR, KAMERON",Assists,2.1,4,2.0; 3.0; 2.0; 1.0,,,,,
2026-10-13T21:00:00,Olympiacos Piraeus @ Valencia Basket,Valencia Basket,"BROOKS, ARMONI",Points,10.3,4,10.0; 17.0; 5.0; 9.0,,,,,
2026-10-13T21:00:00,Olympiacos Piraeus @ Valencia Basket,Valencia Basket,"BROOKS, ARMONI",Rebounds,3.6,4,5.0; 1.0; 6.0; 2.0,,,,,
2026-10-13T21:00:00,Olympiacos Piraeus @ Valencia Basket,Valencia Basket,"BROOKS, ARMONI",Assists,1.9,4,3.0; 2.0; 1.0; 1.0,,,,,
2026-10-13T21:00:00,Olympiacos Piraeus @ Valencia Basket,Valencia Basket,"RIVERO, JASIEL",Points,9.5,4,10.0; 10.0; 4.0; 10.0,,,,,
2026-10-13T21:00:00,Olympiacos Piraeus @ Valencia Basket,Valencia Basket,"RIVERO, JASIEL",Rebounds,3.1,4,3.0; 3.0; 2.0; 2.0,,,,,
2026-10-13T21:00:00,Olympiacos Piraeus @ Valencia Basket,Valencia Basket,"RIVERO, JASIEL",Assists,1.3,4,0.0; 1.0; 1.0; 0.0,,,,,
2026-10-14T18:00:00,Besiktas Istanbul @ Hapoel IBI Tel Aviv,Besiktas Istanbul,"WILBEKIN, SCOTTIE",Points,13.9,3,12.0; 20.0; 17.0,,,,,
2026-10-14T18:00:00,Besiktas Istanbul @ Hapoel IBI Tel Aviv,Besiktas Istanbul,"WILBEKIN, SCOTTIE",Rebounds,3.1,3,1.0; 1.0; 4.0,,,,,
2026-10-14T18:00:00,Besiktas Istanbul @ Hapoel IBI Tel Aviv,Besiktas Istanbul,"WILBEKIN, SCOTTIE",Assists,3.0,3,5.0; 3.0; 3.0,,,,,
2026-10-14T18:00:00,Besiktas Istanbul @ Hapoel IBI Tel Aviv,Besiktas Istanbul,"DOTSON, DEVON",Points,11.7,3,9.0; 17.0; 11.0,,,,,
2026-10-14T18:00:00,Besiktas Istanbul @ Hapoel IBI Tel Aviv,Besiktas Istanbul,"DOTSON, DEVON",Rebounds,2.7,3,0.0; 4.0; 0.0,,,,,
2026-10-14T18:00:00,Besiktas Istanbul @ Hapoel IBI Tel Aviv,Besiktas Istanbul,"DOTSON, DEVON",Assists,3.0,3,4.0; 4.0; 3.0,,,,,
2026-10-14T18:00:00,Besiktas Istanbul @ Hapoel IBI Tel Aviv,Besiktas Istanbul,"MORGAN, CONOR",Points,11.2,3,15.0; 13.0; 8.0,,,,,
2026-10-14T18:00:00,Besiktas Istanbul @ Hapoel IBI Tel Aviv,Besiktas Istanbul,"MORGAN, CONOR",Rebounds,3.8,3,2.0; 3.0; 5.0,,,,,
2026-10-14T18:00:00,Besiktas Istanbul @ Hapoel IBI Tel Aviv,Besiktas Istanbul,"MORGAN, CONOR",Assists,2.9,3,1.0; 3.0; 5.0,,,,,
2026-10-14T18:00:00,Besiktas Istanbul @ Hapoel IBI Tel Aviv,Besiktas Istanbul,"BROWN, ANTHONY",Points,10.9,3,7.0; 20.0; 6.0,,,,,
2026-10-14T18:00:00,Besiktas Istanbul @ Hapoel IBI Tel Aviv,Besiktas Istanbul,"BROWN, ANTHONY",Rebounds,3.8,3,3.0; 5.0; 3.0,,,,,
2026-10-14T18:00:00,Besiktas Istanbul @ Hapoel IBI Tel Aviv,Besiktas Istanbul,"BROWN, ANTHONY",Assists,2.1,3,1.0; 3.0; 1.0,,,,,
2026-10-14T18:00:00,Besiktas Istanbul @ Hapoel IBI Tel Aviv,Besiktas Istanbul,"NOWELL, JAYLEN",Points,10.7,3,17.0; 6.0; 10.0,,,,,
2026-10-14T18:00:00,Besiktas Istanbul @ Hapoel IBI Tel Aviv,Besiktas Istanbul,"NOWELL, JAYLEN",Rebounds,3.5,3,4.0; 1.0; 4.0,,,,,
2026-10-14T18:00:00,Besiktas Istanbul @ Hapoel IBI Tel Aviv,Besiktas Istanbul,"NOWELL, JAYLEN",Assists,2.4,3,2.0; 4.0; 1.0,,,,,
2026-10-14T18:00:00,Besiktas Istanbul @ Hapoel IBI Tel Aviv,Hapoel IBI Tel Aviv,"BLAKENEY, ANTONIO",Points,15.1,4,11.0; 12.0; 12.0; 30.0,,,,,
2026-10-14T18:00:00,Besiktas Istanbul @ Hapoel IBI Tel Aviv,Hapoel IBI Tel Aviv,"BLAKENEY, ANTONIO",Rebounds,2.5,4,2.0; 2.0; 0.0; 2.0,,,,,
2026-10-14T18:00:00,Besiktas Istanbul @ Hapoel IBI Tel Aviv,Hapoel IBI Tel Aviv,"BLAKENEY, ANTONIO",Assists,1.8,4,2.0; 1.0; 0.0; 2.0,,,,,
2026-10-14T18:00:00,Besiktas Istanbul @ Hapoel IBI Tel Aviv,Hapoel IBI Tel Aviv,"BRYANT, ELIJAH",Points,13.7,4,10.0; 18.0; 22.0; 12.0,,,,,
2026-10-14T18:00:00,Besiktas Istanbul @ Hapoel IBI Tel Aviv,Hapoel IBI Tel Aviv,"BRYANT, ELIJAH",Rebounds,7.0,4,2.0; 10.0; 13.0; 9.0,,,,,
2026-10-14T18:00:00,Besiktas Istanbul @ Hapoel IBI Tel Aviv,Hapoel IBI Tel Aviv,"BRYANT, ELIJAH",Assists,3.5,4,3.0; 4.0; 7.0; 3.0,,,,,
2026-10-14T18:00:00,Besiktas Istanbul @ Hapoel IBI Tel Aviv,Hapoel IBI Tel Aviv,"MICIC, VASILIJE",Points,11.6,4,14.0; 11.0; 22.0; 4.0,,,,,
2026-10-14T18:00:00,Besiktas Istanbul @ Hapoel IBI Tel Aviv,Hapoel IBI Tel Aviv,"MICIC, VASILIJE",Rebounds,2.6,4,2.0; 6.0; 0.0; 0.0,,,,,
2026-10-14T18:00:00,Besiktas Istanbul @ Hapoel IBI Tel Aviv,Hapoel IBI Tel Aviv,"MICIC, VASILIJE",Assists,2.9,4,3.0; 4.0; 3.0; 3.0,,,,,
2026-10-14T18:00:00,Besiktas Istanbul @ Hapoel IBI Tel Aviv,Hapoel IBI Tel Aviv,"LEDAY, ZACH",Points,10.7,4,8.0; 12.0; 15.0; 7.0,,,,,
2026-10-14T18:00:00,Besiktas Istanbul @ Hapoel IBI Tel Aviv,Hapoel IBI Tel Aviv,"LEDAY, ZACH",Rebounds,4.0,4,4.0; 4.0; 3.0; 5.0,,,,,
2026-10-14T18:00:00,Besiktas Istanbul @ Hapoel IBI Tel Aviv,Hapoel IBI Tel Aviv,"LEDAY, ZACH",Assists,1.1,4,0.0; 0.0; 0.0; 0.0,,,,,
2026-10-14T18:00:00,Besiktas Istanbul @ Hapoel IBI Tel Aviv,Hapoel IBI Tel Aviv,"OTURU, DAN",Points,9.5,4,20.0; 5.0; 7.0; 6.0,,,,,
2026-10-14T18:00:00,Besiktas Istanbul @ Hapoel IBI Tel Aviv,Hapoel IBI Tel Aviv,"OTURU, DAN",Rebounds,5.8,4,12.0; 6.0; 4.0; 8.0,,,,,
2026-10-14T18:00:00,Besiktas Istanbul @ Hapoel IBI Tel Aviv,Hapoel IBI Tel Aviv,"OTURU, DAN",Assists,1.6,4,3.0; 0.0; 0.0; 1.0,,,,,
2026-10-14T19:30:00,FC Bayern Munich @ Anadolu Efes Istanbul,FC Bayern Munich,"WASHINGTON, DUANE",Points,15.1,3,20.0; 20.0; 18.0,,,,,
2026-10-14T19:30:00,FC Bayern Munich @ Anadolu Efes Istanbul,FC Bayern Munich,"WASHINGTON, DUANE",Rebounds,2.3,3,0.0; 2.0; 0.0,,,,,
2026-10-14T19:30:00,FC Bayern Munich @ Anadolu Efes Istanbul,FC Bayern Munich,"WASHINGTON, DUANE",Assists,3.2,3,2.0; 4.0; 5.0,,,,,
2026-10-14T19:30:00,FC Bayern Munich @ Anadolu Efes Istanbul,FC Bayern Munich,"OBST, ANDREAS",Points,10.5,4,19.0; 8.0; 8.0; 9.0,,,,,
2026-10-14T19:30:00,FC Bayern Munich @ Anadolu Efes Istanbul,FC Bayern Munich,"OBST, ANDREAS",Rebounds,2.3,4,2.0; 0.0; 0.0; 2.0,,,,,
2026-10-14T19:30:00,FC Bayern Munich @ Anadolu Efes Istanbul,FC Bayern Munich,"OBST, ANDREAS",Assists,1.8,4,2.0; 0.0; 2.0; 1.0,,,,,
2026-10-14T19:30:00,FC Bayern Munich @ Anadolu Efes Istanbul,FC Bayern Munich,"THIEMANN, JOHANNES",Points,10.6,4,15.0; 5.0; 17.0; 6.0,,,,,
2026-10-14T19:30:00,FC Bayern Munich @ Anadolu Efes Istanbul,FC Bayern Munich,"THIEMANN, JOHANNES",Rebounds,5.2,4,7.0; 5.0; 5.0; 7.0,,,,,
2026-10-14T19:30:00,FC Bayern Munich @ Anadolu Efes Istanbul,FC Bayern Munich,"THIEMANN, JOHANNES",Assists,2.0,4,1.0; 1.0; 2.0; 2.0,,,,,
2026-10-14T19:30:00,FC Bayern Munich @ Anadolu Efes Istanbul,FC Bayern Munich,"BEAUCHAMP, MARJON",Points,10.8,3,8.0; 7.0; 15.0,,,,,
2026-10-14T19:30:00,FC Bayern Munich @ Anadolu Efes Istanbul,FC Bayern Munich,"BEAUCHAMP, MARJON",Rebounds,4.6,3,3.0; 2.0; 9.0,,,,,
2026-10-14T19:30:00,FC Bayern Munich @ Anadolu Efes Istanbul,FC Bayern Munich,"BEAUCHAMP, MARJON",Assists,2.6,3,2.0; 3.0; 3.0,,,,,
2026-10-14T19:30:00,FC Bayern Munich @ Anadolu Efes Istanbul,FC Bayern Munich,"JOKUBAITIS, ROKAS",Points,9.1,4,6.0; 12.0; 5.0; 8.0,,,,,
2026-10-14T19:30:00,FC Bayern Munich @ Anadolu Efes Istanbul,FC Bayern Munich,"JOKUBAITIS, ROKAS",Rebounds,2.1,4,1.0; 1.0; 0.0; 1.0,,,,,
2026-10-14T19:30:00,FC Bayern Munich @ Anadolu Efes Istanbul,FC Bayern Munich,"JOKUBAITIS, ROKAS",Assists,2.2,4,6.0; 3.0; 0.0; 1.0,,,,,
2026-10-14T19:30:00,FC Bayern Munich @ Anadolu Efes Istanbul,Anadolu Efes Istanbul,"JAMES, MIKE",Points,12.5,3,22.0; 12.0; 11.0,,,,,
2026-10-14T19:30:00,FC Bayern Munich @ Anadolu Efes Istanbul,Anadolu Efes Istanbul,"JAMES, MIKE",Rebounds,3.0,3,4.0; 2.0; 1.0,,,,,
2026-10-14T19:30:00,FC Bayern Munich @ Anadolu Efes Istanbul,Anadolu Efes Istanbul,"JAMES, MIKE",Assists,3.2,3,5.0; 4.0; 3.0,,,,,
2026-10-14T19:30:00,FC Bayern Munich @ Anadolu Efes Istanbul,Anadolu Efes Istanbul,"SARIC, DARIO",Points,12.0,3,17.0; 10.0; 13.0,,,,,
2026-10-14T19:30:00,FC Bayern Munich @ Anadolu Efes Istanbul,Anadolu Efes Istanbul,"SARIC, DARIO",Rebounds,5.2,3,5.0; 3.0; 10.0,,,,,
2026-10-14T19:30:00,FC Bayern Munich @ Anadolu Efes Istanbul,Anadolu Efes Istanbul,"SARIC, DARIO",Assists,2.4,3,2.0; 4.0; 1.0,,,,,
2026-10-14T19:30:00,FC Bayern Munich @ Anadolu Efes Istanbul,Anadolu Efes Istanbul,"STRAZEL, MATTHEW",Points,12.0,3,12.0; 14.0; 13.0,,,,,
2026-10-14T19:30:00,FC Bayern Munich @ Anadolu Efes Istanbul,Anadolu Efes Istanbul,"STRAZEL, MATTHEW",Rebounds,3.2,3,2.0; 3.0; 2.0,,,,,
2026-10-14T19:30:00,FC Bayern Munich @ Anadolu Efes Istanbul,Anadolu Efes Istanbul,"STRAZEL, MATTHEW",Assists,2.5,3,3.0; 4.0; 1.0,,,,,
2026-10-14T19:30:00,FC Bayern Munich @ Anadolu Efes Istanbul,Anadolu Efes Istanbul,"LOYD, JORDAN",Points,11.3,3,2.0; 12.0; 17.0,,,,,
2026-10-14T19:30:00,FC Bayern Munich @ Anadolu Efes Istanbul,Anadolu Efes Istanbul,"LOYD, JORDAN",Rebounds,4.1,3,0.0; 4.0; 7.0,,,,,
2026-10-14T19:30:00,FC Bayern Munich @ Anadolu Efes Istanbul,Anadolu Efes Istanbul,"LOYD, JORDAN",Assists,2.0,3,0.0; 1.0; 3.0,,,,,
2026-10-14T19:30:00,FC Bayern Munich @ Anadolu Efes Istanbul,Anadolu Efes Istanbul,"DOZIER, PJ",Points,9.7,3,3.0; 18.0; 4.0,,,,,
2026-10-14T19:30:00,FC Bayern Munich @ Anadolu Efes Istanbul,Anadolu Efes Istanbul,"DOZIER, PJ",Rebounds,3.2,3,3.0; 1.0; 3.0,,,,,
2026-10-14T19:30:00,FC Bayern Munich @ Anadolu Efes Istanbul,Anadolu Efes Istanbul,"DOZIER, PJ",Assists,2.2,3,0.0; 3.0; 2.0,,,,,
2026-10-14T20:45:00,Virtus Bologna @ Paris Basketball,Virtus Bologna,"CARR, MARCUS",Points,13.1,4,12.0; 10.0; 22.0; 13.0,,,,,
2026-10-14T20:45:00,Virtus Bologna @ Paris Basketball,Virtus Bologna,"CARR, MARCUS",Rebounds,2.6,4,0.0; 2.0; 3.0; 1.0,,,,,
2026-10-14T20:45:00,Virtus Bologna @ Paris Basketball,Virtus Bologna,"CARR, MARCUS",Assists,4.7,4,4.0; 9.0; 10.0; 3.0,,,,,
2026-10-14T20:45:00,Virtus Bologna @ Paris Basketball,Virtus Bologna,"MOORE, WENDELL",Points,12.9,4,9.0; 12.0; 12.0; 20.0,,,,,
2026-10-14T20:45:00,Virtus Bologna @ Paris Basketball,Virtus Bologna,"MOORE, WENDELL",Rebounds,5.2,4,7.0; 3.0; 4.0; 9.0,,,,,
2026-10-14T20:45:00,Virtus Bologna @ Paris Basketball,Virtus Bologna,"MOORE, WENDELL",Assists,1.5,4,1.0; 0.0; 2.0; 0.0,,,,,
2026-10-14T20:45:00,Virtus Bologna @ Paris Basketball,Virtus Bologna,"ALSTON JR. , DERRICK",Points,11.7,4,10.0; 10.0; 17.0; 11.0,,,,,
2026-10-14T20:45:00,Virtus Bologna @ Paris Basketball,Virtus Bologna,"ALSTON JR. , DERRICK",Rebounds,2.3,4,2.0; 0.0; 0.0; 2.0,,,,,
2026-10-14T20:45:00,Virtus Bologna @ Paris Basketball,Virtus Bologna,"ALSTON JR. , DERRICK",Assists,1.8,4,1.0; 0.0; 3.0; 1.0,,,,,
2026-10-14T20:45:00,Virtus Bologna @ Paris Basketball,Virtus Bologna,"DIARRA, ALIOU",Points,11.3,4,8.0; 15.0; 18.0; 6.0,,,,,
2026-10-14T20:45:00,Virtus Bologna @ Paris Basketball,Virtus Bologna,"DIARRA, ALIOU",Rebounds,6.5,4,1.0; 7.0; 14.0; 8.0,,,,,
2026-10-14T20:45:00,Virtus Bologna @ Paris Basketball,Virtus Bologna,"DIARRA, ALIOU",Assists,1.2,4,1.0; 0.0; 0.0; 0.0,,,,,
2026-10-14T20:45:00,Virtus Bologna @ Paris Basketball,Virtus Bologna,"FRAZIER, TRENT",Points,9.7,4,8.0; 7.0; 9.0; 10.0,,,,,
2026-10-14T20:45:00,Virtus Bologna @ Paris Basketball,Virtus Bologna,"FRAZIER, TRENT",Rebounds,2.7,4,2.0; 5.0; 1.0; 0.0,,,,,
2026-10-14T20:45:00,Virtus Bologna @ Paris Basketball,Virtus Bologna,"FRAZIER, TRENT",Assists,2.8,4,3.0; 5.0; 3.0; 2.0,,,,,
2026-10-14T20:45:00,Virtus Bologna @ Paris Basketball,Paris Basketball,"HIFI, NADIR",Points,17.4,4,11.0; 19.0; 21.0; 30.0,,,,,
2026-10-14T20:45:00,Virtus Bologna @ Paris Basketball,Paris Basketball,"HIFI, NADIR",Rebounds,3.2,4,2.0; 2.0; 3.0; 3.0,,,,,
2026-10-14T20:45:00,Virtus Bologna @ Paris Basketball,Paris Basketball,"HIFI, NADIR",Assists,2.5,4,2.0; 4.0; 2.0; 2.0,,,,,
2026-10-14T20:45:00,Virtus Bologna @ Paris Basketball,Paris Basketball,"ETIENNE, TYSON",Points,12.6,4,17.0; 7.0; 0.0; 27.0,,,,,
2026-10-14T20:45:00,Virtus Bologna @ Paris Basketball,Paris Basketball,"ETIENNE, TYSON",Rebounds,2.4,4,1.0; 2.0; 2.0; 0.0,,,,,
2026-10-14T20:45:00,Virtus Bologna @ Paris Basketball,Paris Basketball,"ETIENNE, TYSON",Assists,1.9,4,2.0; 2.0; 1.0; 1.0,,,,,
2026-10-14T20:45:00,Virtus Bologna @ Paris Basketball,Paris Basketball,"WARREN, TJ",Points,11.2,4,9.0; 14.0; 14.0; 9.0,,,,,
2026-10-14T20:45:00,Virtus Bologna @ Paris Basketball,Paris Basketball,"WARREN, TJ",Rebounds,3.0,4,2.0; 3.0; 2.0; 2.0,,,,,
2026-10-14T20:45:00,Virtus Bologna @ Paris Basketball,Paris Basketball,"WARREN, TJ",Assists,1.7,4,0.0; 0.0; 0.0; 3.0,,,,,
2026-10-14T20:45:00,Virtus Bologna @ Paris Basketball,Paris Basketball,"RHODEN, JARED",Points,11.1,3,11.0; 14.0; 9.0,,,,,
2026-10-14T20:45:00,Virtus Bologna @ Paris Basketball,Paris Basketball,"RHODEN, JARED",Rebounds,4.4,3,1.0; 9.0; 4.0,,,,,
2026-10-14T20:45:00,Virtus Bologna @ Paris Basketball,Paris Basketball,"RHODEN, JARED",Assists,2.4,3,1.0; 1.0; 4.0,,,,,
2026-10-14T20:45:00,Virtus Bologna @ Paris Basketball,Paris Basketball,"HERRERA, SEBASTIAN",Points,8.3,4,9.0; 9.0; 3.0; 6.0,,,,,
2026-10-14T20:45:00,Virtus Bologna @ Paris Basketball,Paris Basketball,"HERRERA, SEBASTIAN",Rebounds,2.3,4,1.0; 1.0; 1.0; 1.0,,,,,
2026-10-14T20:45:00,Virtus Bologna @ Paris Basketball,Paris Basketball,"HERRERA, SEBASTIAN",Assists,2.4,4,1.0; 2.0; 4.0; 2.0,,,,,
2026-10-15T19:45:00,Partizan Mozzart Bet Belgrade @ Fenerbahce Tarfin Istanbul,Partizan Mozzart Bet Belgrade,"JONES, CARLIK",Points,15.3,4,20.0; 20.0; 16.0; 19.0,,,,,
2026-10-15T19:45:00,Partizan Mozzart Bet Belgrade @ Fenerbahce Tarfin Istanbul,Partizan Mozzart Bet Belgrade,"JONES, CARLIK",Rebounds,3.3,4,4.0; 1.0; 2.0; 4.0,,,,,
2026-10-15T19:45:00,Partizan Mozzart Bet Belgrade @ Fenerbahce Tarfin Istanbul,Partizan Mozzart Bet Belgrade,"JONES, CARLIK",Assists,4.4,4,10.0; 5.0; 5.0; 5.0,,,,,
2026-10-15T19:45:00,Partizan Mozzart Bet Belgrade @ Fenerbahce Tarfin Istanbul,Partizan Mozzart Bet Belgrade,"JEKIRI, TONYE",Points,12.0,4,7.0; 15.0; 17.0; 11.0,,,,,
2026-10-15T19:45:00,Partizan Mozzart Bet Belgrade @ Fenerbahce Tarfin Istanbul,Partizan Mozzart Bet Belgrade,"JEKIRI, TONYE",Rebounds,3.8,4,1.0; 7.0; 5.0; 2.0,,,,,
2026-10-15T19:45:00,Partizan Mozzart Bet Belgrade @ Fenerbahce Tarfin Istanbul,Partizan Mozzart Bet Belgrade,"JEKIRI, TONYE",Assists,1.6,4,3.0; 1.0; 1.0; 0.0,,,,,
2026-10-15T19:45:00,Partizan Mozzart Bet Belgrade @ Fenerbahce Tarfin Istanbul,Partizan Mozzart Bet Belgrade,"STEVENS, LAMAR",Points,10.3,2,11.0; 8.0,,,,,
2026-10-15T19:45:00,Partizan Mozzart Bet Belgrade @ Fenerbahce Tarfin Istanbul,Partizan Mozzart Bet Belgrade,"STEVENS, LAMAR",Rebounds,3.9,2,5.0; 3.0,,,,,
2026-10-15T19:45:00,Partizan Mozzart Bet Belgrade @ Fenerbahce Tarfin Istanbul,Partizan Mozzart Bet Belgrade,"STEVENS, LAMAR",Assists,2.0,2,0.0; 2.0,,,,,
2026-10-15T19:45:00,Partizan Mozzart Bet Belgrade @ Fenerbahce Tarfin Istanbul,Partizan Mozzart Bet Belgrade,"VILDOZA, LUCA",Points,8.9,4,7.0; 16.0; 8.0; 2.0,,,,,
2026-10-15T19:45:00,Partizan Mozzart Bet Belgrade @ Fenerbahce Tarfin Istanbul,Partizan Mozzart Bet Belgrade,"VILDOZA, LUCA",Rebounds,2.5,4,1.0; 0.0; 3.0; 1.0,,,,,
2026-10-15T19:45:00,Partizan Mozzart Bet Belgrade @ Fenerbahce Tarfin Istanbul,Partizan Mozzart Bet Belgrade,"VILDOZA, LUCA",Assists,2.6,4,3.0; 2.0; 4.0; 2.0,,,,,
2026-10-15T19:45:00,Partizan Mozzart Bet Belgrade @ Fenerbahce Tarfin Istanbul,Partizan Mozzart Bet Belgrade,"TANASKOVIC, NIKOLA",Points,9.0,4,7.0; 9.0; 6.0; 8.0,,,,,
2026-10-15T19:45:00,Partizan Mozzart Bet Belgrade @ Fenerbahce Tarfin Istanbul,Partizan Mozzart Bet Belgrade,"TANASKOVIC, NIKOLA",Rebounds,3.6,4,6.0; 2.0; 2.0; 4.0,,,,,
2026-10-15T19:45:00,Partizan Mozzart Bet Belgrade @ Fenerbahce Tarfin Istanbul,Partizan Mozzart Bet Belgrade,"TANASKOVIC, NIKOLA",Assists,1.3,4,0.0; 1.0; 1.0; 0.0,,,,,
2026-10-15T19:45:00,Partizan Mozzart Bet Belgrade @ Fenerbahce Tarfin Istanbul,Fenerbahce Tarfin Istanbul,"BINGHAM, MARCUS",Points,11.3,3,12.0; 20.0; 5.0,,,,,
2026-10-15T19:45:00,Partizan Mozzart Bet Belgrade @ Fenerbahce Tarfin Istanbul,Fenerbahce Tarfin Istanbul,"BINGHAM, MARCUS",Rebounds,4.1,3,3.0; 8.0; 2.0,,,,,
2026-10-15T19:45:00,Partizan Mozzart Bet Belgrade @ Fenerbahce Tarfin Istanbul,Fenerbahce Tarfin Istanbul,"BINGHAM, MARCUS",Assists,1.2,3,0.0; 0.0; 0.0,,,,,
2026-10-15T19:45:00,Partizan Mozzart Bet Belgrade @ Fenerbahce Tarfin Istanbul,Fenerbahce Tarfin Istanbul,"HORTON TUCKER, TALEN",Points,11.3,4,13.0; 19.0; 8.0; 9.0,,,,,
2026-10-15T19:45:00,Partizan Mozzart Bet Belgrade @ Fenerbahce Tarfin Istanbul,Fenerbahce Tarfin Istanbul,"HORTON TUCKER, TALEN",Rebounds,3.7,4,3.0; 5.0; 3.0; 3.0,,,,,
2026-10-15T19:45:00,Partizan Mozzart Bet Belgrade @ Fenerbahce Tarfin Istanbul,Fenerbahce Tarfin Istanbul,"HORTON TUCKER, TALEN",Assists,2.2,4,1.0; 4.0; 1.0; 2.0,,,,,
2026-10-15T19:45:00,Partizan Mozzart Bet Belgrade @ Fenerbahce Tarfin Istanbul,Fenerbahce Tarfin Istanbul,"BALDWIN IV, WADE",Points,11.4,4,12.0; 13.0; 14.0; 9.0,,,,,
2026-10-15T19:45:00,Partizan Mozzart Bet Belgrade @ Fenerbahce Tarfin Istanbul,Fenerbahce Tarfin Istanbul,"BALDWIN IV, WADE",Rebounds,3.6,4,4.0; 4.0; 3.0; 3.0,,,,,
2026-10-15T19:45:00,Partizan Mozzart Bet Belgrade @ Fenerbahce Tarfin Istanbul,Fenerbahce Tarfin Istanbul,"BALDWIN IV, WADE",Assists,4.4,4,6.0; 8.0; 5.0; 5.0,,,,,
2026-10-15T19:45:00,Partizan Mozzart Bet Belgrade @ Fenerbahce Tarfin Istanbul,Fenerbahce Tarfin Istanbul,"KEY, BRAXTON",Points,10.5,4,11.0; 2.0; 12.0; 13.0,,,,,
2026-10-15T19:45:00,Partizan Mozzart Bet Belgrade @ Fenerbahce Tarfin Istanbul,Fenerbahce Tarfin Istanbul,"KEY, BRAXTON",Rebounds,5.9,4,10.0; 5.0; 8.0; 7.0,,,,,
2026-10-15T19:45:00,Partizan Mozzart Bet Belgrade @ Fenerbahce Tarfin Istanbul,Fenerbahce Tarfin Istanbul,"KEY, BRAXTON",Assists,2.0,4,3.0; 1.0; 1.0; 2.0,,,,,
2026-10-15T19:45:00,Partizan Mozzart Bet Belgrade @ Fenerbahce Tarfin Istanbul,Fenerbahce Tarfin Istanbul,"SHIELDS, SHAVON",Points,8.8,4,12.0; 3.0; 9.0; 6.0,,,,,
2026-10-15T19:45:00,Partizan Mozzart Bet Belgrade @ Fenerbahce Tarfin Istanbul,Fenerbahce Tarfin Istanbul,"SHIELDS, SHAVON",Rebounds,3.5,4,2.0; 3.0; 3.0; 4.0,,,,,
2026-10-15T19:45:00,Partizan Mozzart Bet Belgrade @ Fenerbahce Tarfin Istanbul,Fenerbahce Tarfin Istanbul,"SHIELDS, SHAVON",Assists,1.7,4,3.0; 0.0; 1.0; 1.0,,,,,
2026-10-15T20:30:00,Maccabi Rapyd Tel Aviv @ Valencia Basket,Maccabi Rapyd Tel Aviv,"SORKIN, ROMAN",Points,11.5,4,13.0; 9.0; 13.0; 12.0,,,,,
2026-10-15T20:30:00,Maccabi Rapyd Tel Aviv @ Valencia Basket,Maccabi Rapyd Tel Aviv,"SORKIN, ROMAN",Rebounds,3.2,4,5.0; 2.0; 4.0; 1.0,,,,,
2026-10-15T20:30:00,Maccabi Rapyd Tel Aviv @ Valencia Basket,Maccabi Rapyd Tel Aviv,"SORKIN, ROMAN",Assists,1.7,4,2.0; 0.0; 3.0; 0.0,,,,,
2026-10-15T20:30:00,Maccabi Rapyd Tel Aviv @ Valencia Basket,Maccabi Rapyd Tel Aviv,"CLARK III, JIMMY",Points,10.3,4,9.0; 15.0; 7.0; 9.0,,,,,
2026-10-15T20:30:00,Maccabi Rapyd Tel Aviv @ Valencia Basket,Maccabi Rapyd Tel Aviv,"CLARK III, JIMMY",Rebounds,3.3,4,4.0; 3.0; 3.0; 2.0,,,,,
2026-10-15T20:30:00,Maccabi Rapyd Tel Aviv @ Valencia Basket,Maccabi Rapyd Tel Aviv,"CLARK III, JIMMY",Assists,3.5,4,6.0; 5.0; 3.0; 4.0,,,,,
2026-10-15T20:30:00,Maccabi Rapyd Tel Aviv @ Valencia Basket,Maccabi Rapyd Tel Aviv,"MADAR, YAM",Points,10.7,4,13.0; 6.0; 4.0; 17.0,,,,,
2026-10-15T20:30:00,Maccabi Rapyd Tel Aviv @ Valencia Basket,Maccabi Rapyd Tel Aviv,"MADAR, YAM",Rebounds,2.5,4,3.0; 1.0; 0.0; 2.0,,,,,
2026-10-15T20:30:00,Maccabi Rapyd Tel Aviv @ Valencia Basket,Maccabi Rapyd Tel Aviv,"MADAR, YAM",Assists,4.0,4,8.0; 6.0; 4.0; 4.0,,,,,
2026-10-15T20:30:00,Maccabi Rapyd Tel Aviv @ Valencia Basket,Maccabi Rapyd Tel Aviv,"HOARD, JAYLEN",Points,10.0,4,15.0; 8.0; 2.0; 13.0,,,,,
2026-10-15T20:30:00,Maccabi Rapyd Tel Aviv @ Valencia Basket,Maccabi Rapyd Tel Aviv,"HOARD, JAYLEN",Rebounds,4.1,4,6.0; 3.0; 4.0; 4.0,,,,,
2026-10-15T20:30:00,Maccabi Rapyd Tel Aviv @ Valencia Basket,Maccabi Rapyd Tel Aviv,"HOARD, JAYLEN",Assists,2.1,4,0.0; 2.0; 0.0; 4.0,,,,,
2026-10-15T20:30:00,Maccabi Rapyd Tel Aviv @ Valencia Basket,Maccabi Rapyd Tel Aviv,"THEIS, DANIEL",Points,9.8,3,9.0; 9.0; 8.0,,,,,
2026-10-15T20:30:00,Maccabi Rapyd Tel Aviv @ Valencia Basket,Maccabi Rapyd Tel Aviv,"THEIS, DANIEL",Rebounds,3.3,3,3.0; 2.0; 3.0,,,,,
2026-10-15T20:30:00,Maccabi Rapyd Tel Aviv @ Valencia Basket,Maccabi Rapyd Tel Aviv,"THEIS, DANIEL",Assists,1.8,3,0.0; 1.0; 2.0,,,,,
2026-10-15T20:30:00,Maccabi Rapyd Tel Aviv @ Valencia Basket,Valencia Basket,"SHORTS, TJ",Points,14.3,4,26.0; 12.0; 17.0; 15.0,,,,,
2026-10-15T20:30:00,Maccabi Rapyd Tel Aviv @ Valencia Basket,Valencia Basket,"SHORTS, TJ",Rebounds,2.4,4,1.0; 0.0; 4.0; 0.0,,,,,
2026-10-15T20:30:00,Maccabi Rapyd Tel Aviv @ Valencia Basket,Valencia Basket,"SHORTS, TJ",Assists,4.8,4,2.0; 10.0; 6.0; 7.0,,,,,
2026-10-15T20:30:00,Maccabi Rapyd Tel Aviv @ Valencia Basket,Valencia Basket,"MIROTIC, NIKOLA",Points,12.7,4,13.0; 13.0; 22.0; 9.0,,,,,
2026-10-15T20:30:00,Maccabi Rapyd Tel Aviv @ Valencia Basket,Valencia Basket,"MIROTIC, NIKOLA",Rebounds,3.8,4,3.0; 4.0; 2.0; 5.0,,,,,
2026-10-15T20:30:00,Maccabi Rapyd Tel Aviv @ Valencia Basket,Valencia Basket,"MIROTIC, NIKOLA",Assists,1.6,4,0.0; 1.0; 1.0; 1.0,,,,,
2026-10-15T20:30:00,Maccabi Rapyd Tel Aviv @ Valencia Basket,Valencia Basket,"TAYLOR, KAMERON",Points,12.2,4,12.0; 6.0; 14.0; 17.0,,,,,
2026-10-15T20:30:00,Maccabi Rapyd Tel Aviv @ Valencia Basket,Valencia Basket,"TAYLOR, KAMERON",Rebounds,4.6,4,7.0; 4.0; 5.0; 5.0,,,,,
2026-10-15T20:30:00,Maccabi Rapyd Tel Aviv @ Valencia Basket,Valencia Basket,"TAYLOR, KAMERON",Assists,2.1,4,2.0; 3.0; 2.0; 1.0,,,,,
2026-10-15T20:30:00,Maccabi Rapyd Tel Aviv @ Valencia Basket,Valencia Basket,"BROOKS, ARMONI",Points,10.3,4,10.0; 17.0; 5.0; 9.0,,,,,
2026-10-15T20:30:00,Maccabi Rapyd Tel Aviv @ Valencia Basket,Valencia Basket,"BROOKS, ARMONI",Rebounds,3.6,4,5.0; 1.0; 6.0; 2.0,,,,,
2026-10-15T20:30:00,Maccabi Rapyd Tel Aviv @ Valencia Basket,Valencia Basket,"BROOKS, ARMONI",Assists,1.9,4,3.0; 2.0; 1.0; 1.0,,,,,
2026-10-15T20:30:00,Maccabi Rapyd Tel Aviv @ Valencia Basket,Valencia Basket,"RIVERO, JASIEL",Points,9.5,4,10.0; 10.0; 4.0; 10.0,,,,,
2026-10-15T20:30:00,Maccabi Rapyd Tel Aviv @ Valencia Basket,Valencia Basket,"RIVERO, JASIEL",Rebounds,3.1,4,3.0; 3.0; 2.0; 2.0,,,,,
2026-10-15T20:30:00,Maccabi Rapyd Tel Aviv @ Valencia Basket,Valencia Basket,"RIVERO, JASIEL",Assists,1.3,4,0.0; 1.0; 1.0; 0.0,,,,,
2026-10-15T20:30:00,Dubai Basketball @ Armani Olimpia Milan,Dubai Basketball,"BACON, DWAYNE",Points,13.1,4,24.0; 14.0; 12.0; 13.0,,,,,
2026-10-15T20:30:00,Dubai Basketball @ Armani Olimpia Milan,Dubai Basketball,"BACON, DWAYNE",Rebounds,3.8,4,5.0; 7.0; 1.0; 3.0,,,,,
2026-10-15T20:30:00,Dubai Basketball @ Armani Olimpia Milan,Dubai Basketball,"BACON, DWAYNE",Assists,2.4,4,4.0; 1.0; 0.0; 4.0,,,,,
2026-10-15T20:30:00,Dubai Basketball @ Armani Olimpia Milan,Dubai Basketball,"OKOBO, ELIE",Points,11.4,4,8.0; 9.0; 18.0; 10.0,,,,,
2026-10-15T20:30:00,Dubai Basketball @ Armani Olimpia Milan,Dubai Basketball,"OKOBO, ELIE",Rebounds,3.2,4,4.0; 2.0; 2.0; 3.0,,,,,
2026-10-15T20:30:00,Dubai Basketball @ Armani Olimpia Milan,Dubai Basketball,"OKOBO, ELIE",Assists,3.2,4,4.0; 6.0; 4.0; 2.0,,,,,
2026-10-15T20:30:00,Dubai Basketball @ Armani Olimpia Milan,Dubai Basketball,"KABENGELE, MFIONDU",Points,10.5,4,9.0; 21.0; 5.0; 8.0,,,,,
2026-10-15T20:30:00,Dubai Basketball @ Armani Olimpia Milan,Dubai Basketball,"KABENGELE, MFIONDU",Rebounds,5.6,4,7.0; 6.0; 12.0; 3.0,,,,,
2026-10-15T20:30:00,Dubai Basketball @ Armani Olimpia Milan,Dubai Basketball,"KABENGELE, MFIONDU",Assists,1.9,4,3.0; 0.0; 2.0; 1.0,,,,,
2026-10-15T20:30:00,Dubai Basketball @ Armani Olimpia Milan,Dubai Basketball,"WRIGHT IV, MCKINLEY",Points,9.4,4,12.0; 14.0; 12.0; 0.0,,,,,
2026-10-15T20:30:00,Dubai Basketball @ Armani Olimpia Milan,Dubai Basketball,"WRIGHT IV, MCKINLEY",Rebounds,2.8,4,5.0; 2.0; 1.0; 1.0,,,,,
2026-10-15T20:30:00,Dubai Basketball @ Armani Olimpia Milan,Dubai Basketball,"WRIGHT IV, MCKINLEY",Assists,2.2,4,3.0; 3.0; 2.0; 1.0,,,,,
2026-10-15T20:30:00,Dubai Basketball @ Armani Olimpia Milan,Dubai Basketball,"DIAKITE, MAMADI",Points,9.1,4,6.0; 7.0; 10.0; 7.0,,,,,
2026-10-15T20:30:00,Dubai Basketball @ Armani Olimpia Milan,Dubai Basketball,"DIAKITE, MAMADI",Rebounds,3.8,4,2.0; 0.0; 2.0; 8.0,,,,,
2026-10-15T20:30:00,Dubai Basketball @ Armani Olimpia Milan,Dubai Basketball,"DIAKITE, MAMADI",Assists,1.4,4,1.0; 2.0; 0.0; 0.0,,,,,
2026-10-15T20:30:00,Dubai Basketball @ Armani Olimpia Milan,Armani Olimpia Milan,"WRIGHT, MOSES",Points,13.9,4,6.0; 11.0; 17.0; 23.0,,,,,
2026-10-15T20:30:00,Dubai Basketball @ Armani Olimpia Milan,Armani Olimpia Milan,"WRIGHT, MOSES",Rebounds,5.8,4,7.0; 7.0; 6.0; 8.0,,,,,
2026-10-15T20:30:00,Dubai Basketball @ Armani Olimpia Milan,Armani Olimpia Milan,"WRIGHT, MOSES",Assists,1.7,4,3.0; 0.0; 1.0; 1.0,,,,,
2026-10-15T20:30:00,Dubai Basketball @ Armani Olimpia Milan,Armani Olimpia Milan,"GUDURIC, MARKO",Points,11.0,3,17.0; 14.0; 5.0,,,,,
2026-10-15T20:30:00,Dubai Basketball @ Armani Olimpia Milan,Armani Olimpia Milan,"GUDURIC, MARKO",Rebounds,3.2,3,3.0; 4.0; 1.0,,,,,
2026-10-15T20:30:00,Dubai Basketball @ Armani Olimpia Milan,Armani Olimpia Milan,"GUDURIC, MARKO",Assists,2.6,3,5.0; 2.0; 2.0,,,,,
2026-10-15T20:30:00,Dubai Basketball @ Armani Olimpia Milan,Armani Olimpia Milan,"PETERS, ALEC",Points,11.1,4,17.0; 7.0; 10.0; 12.0,,,,,
2026-10-15T20:30:00,Dubai Basketball @ Armani Olimpia Milan,Armani Olimpia Milan,"PETERS, ALEC",Rebounds,4.0,4,2.0; 5.0; 7.0; 2.0,,,,,
2026-10-15T20:30:00,Dubai Basketball @ Armani Olimpia Milan,Armani Olimpia Milan,"PETERS, ALEC",Assists,1.7,4,1.0; 0.0; 1.0; 2.0,,,,,
2026-10-15T20:30:00,Dubai Basketball @ Armani Olimpia Milan,Armani Olimpia Milan,"HALL, DEVON",Points,10.0,4,13.0; 12.0; 12.0; 4.0,,,,,
2026-10-15T20:30:00,Dubai Basketball @ Armani Olimpia Milan,Armani Olimpia Milan,"HALL, DEVON",Rebounds,3.4,4,5.0; 1.0; 2.0; 4.0,,,,,
2026-10-15T20:30:00,Dubai Basketball @ Armani Olimpia Milan,Armani Olimpia Milan,"HALL, DEVON",Assists,5.2,4,3.0; 1.0; 12.0; 9.0,,,,,
2026-10-15T20:30:00,Dubai Basketball @ Armani Olimpia Milan,Armani Olimpia Milan,"COLE, RJ",Points,8.9,4,0.0; 11.0; 8.0; 8.0,,,,,
2026-10-15T20:30:00,Dubai Basketball @ Armani Olimpia Milan,Armani Olimpia Milan,"COLE, RJ",Rebounds,3.0,4,0.0; 2.0; 4.0; 2.0,,,,,
2026-10-15T20:30:00,Dubai Basketball @ Armani Olimpia Milan,Armani Olimpia Milan,"COLE, RJ",Assists,1.6,4,0.0; 3.0; 0.0; 1.0,,,,,
2026-10-15T21:00:00,LDLC ASVEL Villeurbanne @ Real Madrid,LDLC ASVEL Villeurbanne,"MILLS, PATTY",Points,15.0,4,15.0; 5.0; 26.0; 21.0,,,,,
2026-10-15T21:00:00,LDLC ASVEL Villeurbanne @ Real Madrid,LDLC ASVEL Villeurbanne,"MILLS, PATTY",Rebounds,2.1,4,1.0; 1.0; 0.0; 1.0,,,,,
2026-10-15T21:00:00,LDLC ASVEL Villeurbanne @ Real Madrid,LDLC ASVEL Villeurbanne,"MILLS, PATTY",Assists,2.7,4,3.0; 1.0; 3.0; 4.0,,,,,
2026-10-15T21:00:00,LDLC ASVEL Villeurbanne @ Real Madrid,LDLC ASVEL Villeurbanne,"BESSON, HUGO",Points,12.9,4,8.0; 10.0; 19.0; 16.0,,,,,
2026-10-15T21:00:00,LDLC ASVEL Villeurbanne @ Real Madrid,LDLC ASVEL Villeurbanne,"BESSON, HUGO",Rebounds,3.8,4,3.0; 2.0; 2.0; 6.0,,,,,
2026-10-15T21:00:00,LDLC ASVEL Villeurbanne @ Real Madrid,LDLC ASVEL Villeurbanne,"BESSON, HUGO",Assists,3.2,4,4.0; 2.0; 6.0; 3.0,,,,,
2026-10-15T21:00:00,LDLC ASVEL Villeurbanne @ Real Madrid,LDLC ASVEL Villeurbanne,"CROWDER, JAE",Points,10.7,4,19.0; 4.0; 10.0; 11.0,,,,,
2026-10-15T21:00:00,LDLC ASVEL Villeurbanne @ Real Madrid,LDLC ASVEL Villeurbanne,"CROWDER, JAE",Rebounds,4.3,4,4.0; 1.0; 7.0; 5.0,,,,,
2026-10-15T21:00:00,LDLC ASVEL Villeurbanne @ Real Madrid,LDLC ASVEL Villeurbanne,"CROWDER, JAE",Assists,3.4,4,4.0; 3.0; 4.0; 5.0,,,,,
2026-10-15T21:00:00,LDLC ASVEL Villeurbanne @ Real Madrid,LDLC ASVEL Villeurbanne,"WATERS, TREMONT",Points,11.0,4,2.0; 7.0; 9.0; 19.0,,,,,
2026-10-15T21:00:00,LDLC ASVEL Villeurbanne @ Real Madrid,LDLC ASVEL Villeurbanne,"WATERS, TREMONT",Rebounds,2.8,4,1.0; 1.0; 3.0; 2.0,,,,,
2026-10-15T21:00:00,LDLC ASVEL Villeurbanne @ Real Madrid,LDLC ASVEL Villeurbanne,"WATERS, TREMONT",Assists,2.9,4,1.0; 3.0; 5.0; 3.0,,,,,
2026-10-15T21:00:00,LDLC ASVEL Villeurbanne @ Real Madrid,LDLC ASVEL Villeurbanne,"GACH, BOTH",Points,9.3,4,5.0; 6.0; 0.0; 17.0,,,,,
2026-10-15T21:00:00,LDLC ASVEL Villeurbanne @ Real Madrid,LDLC ASVEL Villeurbanne,"GACH, BOTH",Rebounds,2.7,4,0.0; 0.0; 0.0; 5.0,,,,,
2026-10-15T21:00:00,LDLC ASVEL Villeurbanne @ Real Madrid,LDLC ASVEL Villeurbanne,"GACH, BOTH",Assists,2.7,4,1.0; 1.0; 1.0; 6.0,,,,,
2026-10-15T21:00:00,LDLC ASVEL Villeurbanne @ Real Madrid,Real Madrid,"MALEDON, THEO",Points,13.5,4,11.0; 9.0; 26.0; 13.0,,,,,
2026-10-15T21:00:00,LDLC ASVEL Villeurbanne @ Real Madrid,Real Madrid,"MALEDON, THEO",Rebounds,3.8,4,4.0; 4.0; 5.0; 2.0,,,,,
2026-10-15T21:00:00,LDLC ASVEL Villeurbanne @ Real Madrid,Real Madrid,"MALEDON, THEO",Assists,4.1,4,6.0; 5.0; 7.0; 4.0,,,,,
2026-10-15T21:00:00,LDLC ASVEL Villeurbanne @ Real Madrid,Real Madrid,"SMITH JR, NICK",Points,10.6,3,10.0; 12.0; 9.0,,,,,
2026-10-15T21:00:00,LDLC ASVEL Villeurbanne @ Real Madrid,Real Madrid,"SMITH JR, NICK",Rebounds,3.2,3,2.0; 2.0; 3.0,,,,,
2026-10-15T21:00:00,LDLC ASVEL Villeurbanne @ Real Madrid,Real Madrid,"SMITH JR, NICK",Assists,1.8,3,1.0; 1.0; 1.0,,,,,
2026-10-15T21:00:00,LDLC ASVEL Villeurbanne @ Real Madrid,Real Madrid,"LUWAWU-CABARROT, TIMOTHE",Points,10.4,4,11.0; 0.0; 21.0; 7.0,,,,,
2026-10-15T21:00:00,LDLC ASVEL Villeurbanne @ Real Madrid,Real Madrid,"LUWAWU-CABARROT, TIMOTHE",Rebounds,3.2,4,0.0; 0.0; 2.0; 6.0,,,,,
2026-10-15T21:00:00,LDLC ASVEL Villeurbanne @ Real Madrid,Real Madrid,"LUWAWU-CABARROT, TIMOTHE",Assists,1.6,4,0.0; 0.0; 2.0; 1.0,,,,,
2026-10-15T21:00:00,LDLC ASVEL Villeurbanne @ Real Madrid,Real Madrid,"TAVARES, WALTER",Points,10.2,4,8.0; 8.0; 14.0; 8.0,,,,,
2026-10-15T21:00:00,LDLC ASVEL Villeurbanne @ Real Madrid,Real Madrid,"TAVARES, WALTER",Rebounds,6.6,4,4.0; 7.0; 13.0; 8.0,,,,,
2026-10-15T21:00:00,LDLC ASVEL Villeurbanne @ Real Madrid,Real Madrid,"TAVARES, WALTER",Assists,1.3,4,0.0; 0.0; 0.0; 1.0,,,,,
2026-10-15T21:00:00,LDLC ASVEL Villeurbanne @ Real Madrid,Real Madrid,"CAMPAZZO, FACUNDO",Points,10.1,4,6.0; 16.0; 3.0; 12.0,,,,,
2026-10-15T21:00:00,LDLC ASVEL Villeurbanne @ Real Madrid,Real Madrid,"CAMPAZZO, FACUNDO",Rebounds,2.6,4,2.0; 3.0; 2.0; 0.0,,,,,
2026-10-15T21:00:00,LDLC ASVEL Villeurbanne @ Real Madrid,Real Madrid,"CAMPAZZO, FACUNDO",Assists,3.3,4,2.0; 3.0; 7.0; 3.0,,,,,
2026-10-16T19:00:00,Anadolu Efes Istanbul @ Zalgiris Kaunas,Anadolu Efes Istanbul,"JAMES, MIKE",Points,12.5,3,22.0; 12.0; 11.0,,,,,
2026-10-16T19:00:00,Anadolu Efes Istanbul @ Zalgiris Kaunas,Anadolu Efes Istanbul,"JAMES, MIKE",Rebounds,3.0,3,4.0; 2.0; 1.0,,,,,
2026-10-16T19:00:00,Anadolu Efes Istanbul @ Zalgiris Kaunas,Anadolu Efes Istanbul,"JAMES, MIKE",Assists,3.2,3,5.0; 4.0; 3.0,,,,,
2026-10-16T19:00:00,Anadolu Efes Istanbul @ Zalgiris Kaunas,Anadolu Efes Istanbul,"SARIC, DARIO",Points,12.0,3,17.0; 10.0; 13.0,,,,,
2026-10-16T19:00:00,Anadolu Efes Istanbul @ Zalgiris Kaunas,Anadolu Efes Istanbul,"SARIC, DARIO",Rebounds,5.2,3,5.0; 3.0; 10.0,,,,,
2026-10-16T19:00:00,Anadolu Efes Istanbul @ Zalgiris Kaunas,Anadolu Efes Istanbul,"SARIC, DARIO",Assists,2.4,3,2.0; 4.0; 1.0,,,,,
2026-10-16T19:00:00,Anadolu Efes Istanbul @ Zalgiris Kaunas,Anadolu Efes Istanbul,"STRAZEL, MATTHEW",Points,12.0,3,12.0; 14.0; 13.0,,,,,
2026-10-16T19:00:00,Anadolu Efes Istanbul @ Zalgiris Kaunas,Anadolu Efes Istanbul,"STRAZEL, MATTHEW",Rebounds,3.2,3,2.0; 3.0; 2.0,,,,,
2026-10-16T19:00:00,Anadolu Efes Istanbul @ Zalgiris Kaunas,Anadolu Efes Istanbul,"STRAZEL, MATTHEW",Assists,2.5,3,3.0; 4.0; 1.0,,,,,
2026-10-16T19:00:00,Anadolu Efes Istanbul @ Zalgiris Kaunas,Anadolu Efes Istanbul,"LOYD, JORDAN",Points,11.3,3,2.0; 12.0; 17.0,,,,,
2026-10-16T19:00:00,Anadolu Efes Istanbul @ Zalgiris Kaunas,Anadolu Efes Istanbul,"LOYD, JORDAN",Rebounds,4.1,3,0.0; 4.0; 7.0,,,,,
2026-10-16T19:00:00,Anadolu Efes Istanbul @ Zalgiris Kaunas,Anadolu Efes Istanbul,"LOYD, JORDAN",Assists,2.0,3,0.0; 1.0; 3.0,,,,,
2026-10-16T19:00:00,Anadolu Efes Istanbul @ Zalgiris Kaunas,Anadolu Efes Istanbul,"DOZIER, PJ",Points,9.7,3,3.0; 18.0; 4.0,,,,,
2026-10-16T19:00:00,Anadolu Efes Istanbul @ Zalgiris Kaunas,Anadolu Efes Istanbul,"DOZIER, PJ",Rebounds,3.2,3,3.0; 1.0; 3.0,,,,,
2026-10-16T19:00:00,Anadolu Efes Istanbul @ Zalgiris Kaunas,Anadolu Efes Istanbul,"DOZIER, PJ",Assists,2.2,3,0.0; 3.0; 2.0,,,,,
2026-10-16T19:00:00,Anadolu Efes Istanbul @ Zalgiris Kaunas,Zalgiris Kaunas,"EDWARDS, CARSEN",Points,13.8,3,13.0; 16.0; 19.0,,,,,
2026-10-16T19:00:00,Anadolu Efes Istanbul @ Zalgiris Kaunas,Zalgiris Kaunas,"EDWARDS, CARSEN",Rebounds,2.6,3,0.0; 1.0; 2.0,,,,,
2026-10-16T19:00:00,Anadolu Efes Istanbul @ Zalgiris Kaunas,Zalgiris Kaunas,"EDWARDS, CARSEN",Assists,2.3,3,0.0; 4.0; 2.0,,,,,
2026-10-16T19:00:00,Anadolu Efes Istanbul @ Zalgiris Kaunas,Zalgiris Kaunas,"TUBELIS, AZUOLAS",Points,13.7,3,10.0; 19.0; 18.0,,,,,
2026-10-16T19:00:00,Anadolu Efes Istanbul @ Zalgiris Kaunas,Zalgiris Kaunas,"TUBELIS, AZUOLAS",Rebounds,6.1,3,12.0; 7.0; 7.0,,,,,
2026-10-16T19:00:00,Anadolu Efes Istanbul @ Zalgiris Kaunas,Zalgiris Kaunas,"TUBELIS, AZUOLAS",Assists,2.7,3,4.0; 3.0; 2.0,,,,,
2026-10-16T19:00:00,Anadolu Efes Istanbul @ Zalgiris Kaunas,Zalgiris Kaunas,"BROWN, STERLING",Points,12.8,3,10.0; 20.0; 13.0,,,,,
2026-10-16T19:00:00,Anadolu Efes Istanbul @ Zalgiris Kaunas,Zalgiris Kaunas,"BROWN, STERLING",Rebounds,3.1,3,2.0; 0.0; 4.0,,,,,
2026-10-16T19:00:00,Anadolu Efes Istanbul @ Zalgiris Kaunas,Zalgiris Kaunas,"BROWN, STERLING",Assists,2.1,3,0.0; 0.0; 4.0,,,,,
2026-10-16T19:00:00,Anadolu Efes Istanbul @ Zalgiris Kaunas,Zalgiris Kaunas,"VALANCIUNAS, JONAS",Points,11.5,3,13.0; 11.0; 12.0,,,,,
2026-10-16T19:00:00,Anadolu Efes Istanbul @ Zalgiris Kaunas,Zalgiris Kaunas,"VALANCIUNAS, JONAS",Rebounds,5.3,3,8.0; 6.0; 6.0,,,,,
2026-10-16T19:00:00,Anadolu Efes Istanbul @ Zalgiris Kaunas,Zalgiris Kaunas,"VALANCIUNAS, JONAS",Assists,2.6,3,2.0; 7.0; 0.0,,,,,
2026-10-16T19:00:00,Anadolu Efes Istanbul @ Zalgiris Kaunas,Zalgiris Kaunas,"GRIGONIS, MARIUS",Points,8.5,3,2.0; 9.0; 6.0,,,,,
2026-10-16T19:00:00,Anadolu Efes Istanbul @ Zalgiris Kaunas,Zalgiris Kaunas,"GRIGONIS, MARIUS",Rebounds,3.2,3,0.0; 5.0; 2.0,,,,,
2026-10-16T19:00:00,Anadolu Efes Istanbul @ Zalgiris Kaunas,Zalgiris Kaunas,"GRIGONIS, MARIUS",Assists,2.2,3,2.0; 2.0; 2.0,,,,,
2026-10-16T19:00:00,FC Bayern Munich @ Besiktas Istanbul,FC Bayern Munich,"WASHINGTON, DUANE",Points,15.1,3,20.0; 20.0; 18.0,,,,,
2026-10-16T19:00:00,FC Bayern Munich @ Besiktas Istanbul,FC Bayern Munich,"WASHINGTON, DUANE",Rebounds,2.3,3,0.0; 2.0; 0.0,,,,,
2026-10-16T19:00:00,FC Bayern Munich @ Besiktas Istanbul,FC Bayern Munich,"WASHINGTON, DUANE",Assists,3.2,3,2.0; 4.0; 5.0,,,,,
2026-10-16T19:00:00,FC Bayern Munich @ Besiktas Istanbul,FC Bayern Munich,"OBST, ANDREAS",Points,10.5,4,19.0; 8.0; 8.0; 9.0,,,,,
2026-10-16T19:00:00,FC Bayern Munich @ Besiktas Istanbul,FC Bayern Munich,"OBST, ANDREAS",Rebounds,2.3,4,2.0; 0.0; 0.0; 2.0,,,,,
2026-10-16T19:00:00,FC Bayern Munich @ Besiktas Istanbul,FC Bayern Munich,"OBST, ANDREAS",Assists,1.8,4,2.0; 0.0; 2.0; 1.0,,,,,
2026-10-16T19:00:00,FC Bayern Munich @ Besiktas Istanbul,FC Bayern Munich,"THIEMANN, JOHANNES",Points,10.6,4,15.0; 5.0; 17.0; 6.0,,,,,
2026-10-16T19:00:00,FC Bayern Munich @ Besiktas Istanbul,FC Bayern Munich,"THIEMANN, JOHANNES",Rebounds,5.2,4,7.0; 5.0; 5.0; 7.0,,,,,
2026-10-16T19:00:00,FC Bayern Munich @ Besiktas Istanbul,FC Bayern Munich,"THIEMANN, JOHANNES",Assists,2.0,4,1.0; 1.0; 2.0; 2.0,,,,,
2026-10-16T19:00:00,FC Bayern Munich @ Besiktas Istanbul,FC Bayern Munich,"BEAUCHAMP, MARJON",Points,10.8,3,8.0; 7.0; 15.0,,,,,
2026-10-16T19:00:00,FC Bayern Munich @ Besiktas Istanbul,FC Bayern Munich,"BEAUCHAMP, MARJON",Rebounds,4.6,3,3.0; 2.0; 9.0,,,,,
2026-10-16T19:00:00,FC Bayern Munich @ Besiktas Istanbul,FC Bayern Munich,"BEAUCHAMP, MARJON",Assists,2.6,3,2.0; 3.0; 3.0,,,,,
2026-10-16T19:00:00,FC Bayern Munich @ Besiktas Istanbul,FC Bayern Munich,"JOKUBAITIS, ROKAS",Points,9.1,4,6.0; 12.0; 5.0; 8.0,,,,,
2026-10-16T19:00:00,FC Bayern Munich @ Besiktas Istanbul,FC Bayern Munich,"JOKUBAITIS, ROKAS",Rebounds,2.1,4,1.0; 1.0; 0.0; 1.0,,,,,
2026-10-16T19:00:00,FC Bayern Munich @ Besiktas Istanbul,FC Bayern Munich,"JOKUBAITIS, ROKAS",Assists,2.2,4,6.0; 3.0; 0.0; 1.0,,,,,
2026-10-16T19:00:00,FC Bayern Munich @ Besiktas Istanbul,Besiktas Istanbul,"WILBEKIN, SCOTTIE",Points,13.9,3,12.0; 20.0; 17.0,,,,,
2026-10-16T19:00:00,FC Bayern Munich @ Besiktas Istanbul,Besiktas Istanbul,"WILBEKIN, SCOTTIE",Rebounds,3.1,3,1.0; 1.0; 4.0,,,,,
2026-10-16T19:00:00,FC Bayern Munich @ Besiktas Istanbul,Besiktas Istanbul,"WILBEKIN, SCOTTIE",Assists,3.0,3,5.0; 3.0; 3.0,,,,,
2026-10-16T19:00:00,FC Bayern Munich @ Besiktas Istanbul,Besiktas Istanbul,"DOTSON, DEVON",Points,11.7,3,9.0; 17.0; 11.0,,,,,
2026-10-16T19:00:00,FC Bayern Munich @ Besiktas Istanbul,Besiktas Istanbul,"DOTSON, DEVON",Rebounds,2.7,3,0.0; 4.0; 0.0,,,,,
2026-10-16T19:00:00,FC Bayern Munich @ Besiktas Istanbul,Besiktas Istanbul,"DOTSON, DEVON",Assists,3.0,3,4.0; 4.0; 3.0,,,,,
2026-10-16T19:00:00,FC Bayern Munich @ Besiktas Istanbul,Besiktas Istanbul,"MORGAN, CONOR",Points,11.2,3,15.0; 13.0; 8.0,,,,,
2026-10-16T19:00:00,FC Bayern Munich @ Besiktas Istanbul,Besiktas Istanbul,"MORGAN, CONOR",Rebounds,3.8,3,2.0; 3.0; 5.0,,,,,
2026-10-16T19:00:00,FC Bayern Munich @ Besiktas Istanbul,Besiktas Istanbul,"MORGAN, CONOR",Assists,2.9,3,1.0; 3.0; 5.0,,,,,
2026-10-16T19:00:00,FC Bayern Munich @ Besiktas Istanbul,Besiktas Istanbul,"BROWN, ANTHONY",Points,10.9,3,7.0; 20.0; 6.0,,,,,
2026-10-16T19:00:00,FC Bayern Munich @ Besiktas Istanbul,Besiktas Istanbul,"BROWN, ANTHONY",Rebounds,3.8,3,3.0; 5.0; 3.0,,,,,
2026-10-16T19:00:00,FC Bayern Munich @ Besiktas Istanbul,Besiktas Istanbul,"BROWN, ANTHONY",Assists,2.1,3,1.0; 3.0; 1.0,,,,,
2026-10-16T19:00:00,FC Bayern Munich @ Besiktas Istanbul,Besiktas Istanbul,"NOWELL, JAYLEN",Points,10.7,3,17.0; 6.0; 10.0,,,,,
2026-10-16T19:00:00,FC Bayern Munich @ Besiktas Istanbul,Besiktas Istanbul,"NOWELL, JAYLEN",Rebounds,3.5,3,4.0; 1.0; 4.0,,,,,
2026-10-16T19:00:00,FC Bayern Munich @ Besiktas Istanbul,Besiktas Istanbul,"NOWELL, JAYLEN",Assists,2.4,3,2.0; 4.0; 1.0,,,,,
2026-10-16T20:00:00,Paris Basketball @ Crvena Zvezda Meridianbet Belgrade,Paris Basketball,"HIFI, NADIR",Points,17.4,4,11.0; 19.0; 21.0; 30.0,,,,,
2026-10-16T20:00:00,Paris Basketball @ Crvena Zvezda Meridianbet Belgrade,Paris Basketball,"HIFI, NADIR",Rebounds,3.2,4,2.0; 2.0; 3.0; 3.0,,,,,
2026-10-16T20:00:00,Paris Basketball @ Crvena Zvezda Meridianbet Belgrade,Paris Basketball,"HIFI, NADIR",Assists,2.5,4,2.0; 4.0; 2.0; 2.0,,,,,
2026-10-16T20:00:00,Paris Basketball @ Crvena Zvezda Meridianbet Belgrade,Paris Basketball,"ETIENNE, TYSON",Points,12.6,4,17.0; 7.0; 0.0; 27.0,,,,,
2026-10-16T20:00:00,Paris Basketball @ Crvena Zvezda Meridianbet Belgrade,Paris Basketball,"ETIENNE, TYSON",Rebounds,2.4,4,1.0; 2.0; 2.0; 0.0,,,,,
2026-10-16T20:00:00,Paris Basketball @ Crvena Zvezda Meridianbet Belgrade,Paris Basketball,"ETIENNE, TYSON",Assists,1.9,4,2.0; 2.0; 1.0; 1.0,,,,,
2026-10-16T20:00:00,Paris Basketball @ Crvena Zvezda Meridianbet Belgrade,Paris Basketball,"WARREN, TJ",Points,11.2,4,9.0; 14.0; 14.0; 9.0,,,,,
2026-10-16T20:00:00,Paris Basketball @ Crvena Zvezda Meridianbet Belgrade,Paris Basketball,"WARREN, TJ",Rebounds,3.0,4,2.0; 3.0; 2.0; 2.0,,,,,
2026-10-16T20:00:00,Paris Basketball @ Crvena Zvezda Meridianbet Belgrade,Paris Basketball,"WARREN, TJ",Assists,1.7,4,0.0; 0.0; 0.0; 3.0,,,,,
2026-10-16T20:00:00,Paris Basketball @ Crvena Zvezda Meridianbet Belgrade,Paris Basketball,"RHODEN, JARED",Points,11.1,3,11.0; 14.0; 9.0,,,,,
2026-10-16T20:00:00,Paris Basketball @ Crvena Zvezda Meridianbet Belgrade,Paris Basketball,"RHODEN, JARED",Rebounds,4.4,3,1.0; 9.0; 4.0,,,,,
2026-10-16T20:00:00,Paris Basketball @ Crvena Zvezda Meridianbet Belgrade,Paris Basketball,"RHODEN, JARED",Assists,2.4,3,1.0; 1.0; 4.0,,,,,
2026-10-16T20:00:00,Paris Basketball @ Crvena Zvezda Meridianbet Belgrade,Paris Basketball,"HERRERA, SEBASTIAN",Points,8.3,4,9.0; 9.0; 3.0; 6.0,,,,,
2026-10-16T20:00:00,Paris Basketball @ Crvena Zvezda Meridianbet Belgrade,Paris Basketball,"HERRERA, SEBASTIAN",Rebounds,2.3,4,1.0; 1.0; 1.0; 1.0,,,,,
2026-10-16T20:00:00,Paris Basketball @ Crvena Zvezda Meridianbet Belgrade,Paris Basketball,"HERRERA, SEBASTIAN",Assists,2.4,4,1.0; 2.0; 4.0; 2.0,,,,,
2026-10-16T20:00:00,Paris Basketball @ Crvena Zvezda Meridianbet Belgrade,Crvena Zvezda Meridianbet Belgrade,"NWORA, JORDAN",Points,13.1,4,10.0; 13.0; 12.0; 20.0,,,,,
2026-10-16T20:00:00,Paris Basketball @ Crvena Zvezda Meridianbet Belgrade,Crvena Zvezda Meridianbet Belgrade,"NWORA, JORDAN",Rebounds,4.8,4,5.0; 5.0; 5.0; 6.0,,,,,
2026-10-16T20:00:00,Paris Basketball @ Crvena Zvezda Meridianbet Belgrade,Crvena Zvezda Meridianbet Belgrade,"NWORA, JORDAN",Assists,1.3,4,1.0; 1.0; 0.0; 0.0,,,,,
2026-10-16T20:00:00,Paris Basketball @ Crvena Zvezda Meridianbet Belgrade,Crvena Zvezda Meridianbet Belgrade,"BUTLER, JARED",Points,10.7,4,11.0; 19.0; 3.0; 11.0,,,,,
2026-10-16T20:00:00,Paris Basketball @ Crvena Zvezda Meridianbet Belgrade,Crvena Zvezda Meridianbet Belgrade,"BUTLER, JARED",Rebounds,2.7,4,2.0; 2.0; 2.0; 1.0,,,,,
2026-10-16T20:00:00,Paris Basketball @ Crvena Zvezda Meridianbet Belgrade,Crvena Zvezda Meridianbet Belgrade,"BUTLER, JARED",Assists,2.2,4,4.0; 2.0; 1.0; 2.0,,,,,
2026-10-16T20:00:00,Paris Basketball @ Crvena Zvezda Meridianbet Belgrade,Crvena Zvezda Meridianbet Belgrade,"MONEKE, CHIMA",Points,10.5,4,9.0; 9.0; 18.0; 5.0,,,,,
2026-10-16T20:00:00,Paris Basketball @ Crvena Zvezda Meridianbet Belgrade,Crvena Zvezda Meridianbet Belgrade,"MONEKE, CHIMA",Rebounds,4.5,4,3.0; 7.0; 7.0; 3.0,,,,,
2026-10-16T20:00:00,Paris Basketball @ Crvena Zvezda Meridianbet Belgrade,Crvena Zvezda Meridianbet Belgrade,"MONEKE, CHIMA",Assists,1.6,4,1.0; 1.0; 1.0; 1.0,,,,,
2026-10-16T20:00:00,Paris Basketball @ Crvena Zvezda Meridianbet Belgrade,Crvena Zvezda Meridianbet Belgrade,"OJELEYE, SEMI",Points,9.9,4,9.0; 4.0; 9.0; 12.0,,,,,
2026-10-16T20:00:00,Paris Basketball @ Crvena Zvezda Meridianbet Belgrade,Crvena Zvezda Meridianbet Belgrade,"OJELEYE, SEMI",Rebounds,5.4,4,7.0; 8.0; 4.0; 7.0,,,,,
2026-10-16T20:00:00,Paris Basketball @ Crvena Zvezda Meridianbet Belgrade,Crvena Zvezda Meridianbet Belgrade,"OJELEYE, SEMI",Assists,2.0,4,1.0; 3.0; 2.0; 1.0,,,,,
2026-10-16T20:00:00,Paris Basketball @ Crvena Zvezda Meridianbet Belgrade,Crvena Zvezda Meridianbet Belgrade,"JONES, CHRIS",Points,8.8,4,15.0; 6.0; 1.0; 9.0,,,,,
2026-10-16T20:00:00,Paris Basketball @ Crvena Zvezda Meridianbet Belgrade,Crvena Zvezda Meridianbet Belgrade,"JONES, CHRIS",Rebounds,2.8,4,2.0; 1.0; 0.0; 4.0,,,,,
2026-10-16T20:00:00,Paris Basketball @ Crvena Zvezda Meridianbet Belgrade,Crvena Zvezda Meridianbet Belgrade,"JONES, CHRIS",Assists,3.7,4,8.0; 4.0; 4.0; 4.0,,,,,
2026-10-16T20:15:00,Hapoel IBI Tel Aviv @ Panathinaikos AKTOR Athens,Hapoel IBI Tel Aviv,"BLAKENEY, ANTONIO",Points,15.1,4,11.0; 12.0; 12.0; 30.0,,,,,
2026-10-16T20:15:00,Hapoel IBI Tel Aviv @ Panathinaikos AKTOR Athens,Hapoel IBI Tel Aviv,"BLAKENEY, ANTONIO",Rebounds,2.5,4,2.0; 2.0; 0.0; 2.0,,,,,
2026-10-16T20:15:00,Hapoel IBI Tel Aviv @ Panathinaikos AKTOR Athens,Hapoel IBI Tel Aviv,"BLAKENEY, ANTONIO",Assists,1.8,4,2.0; 1.0; 0.0; 2.0,,,,,
2026-10-16T20:15:00,Hapoel IBI Tel Aviv @ Panathinaikos AKTOR Athens,Hapoel IBI Tel Aviv,"BRYANT, ELIJAH",Points,13.7,4,10.0; 18.0; 22.0; 12.0,,,,,
2026-10-16T20:15:00,Hapoel IBI Tel Aviv @ Panathinaikos AKTOR Athens,Hapoel IBI Tel Aviv,"BRYANT, ELIJAH",Rebounds,7.0,4,2.0; 10.0; 13.0; 9.0,,,,,
2026-10-16T20:15:00,Hapoel IBI Tel Aviv @ Panathinaikos AKTOR Athens,Hapoel IBI Tel Aviv,"BRYANT, ELIJAH",Assists,3.5,4,3.0; 4.0; 7.0; 3.0,,,,,
2026-10-16T20:15:00,Hapoel IBI Tel Aviv @ Panathinaikos AKTOR Athens,Hapoel IBI Tel Aviv,"MICIC, VASILIJE",Points,11.6,4,14.0; 11.0; 22.0; 4.0,,,,,
2026-10-16T20:15:00,Hapoel IBI Tel Aviv @ Panathinaikos AKTOR Athens,Hapoel IBI Tel Aviv,"MICIC, VASILIJE",Rebounds,2.6,4,2.0; 6.0; 0.0; 0.0,,,,,
2026-10-16T20:15:00,Hapoel IBI Tel Aviv @ Panathinaikos AKTOR Athens,Hapoel IBI Tel Aviv,"MICIC, VASILIJE",Assists,2.9,4,3.0; 4.0; 3.0; 3.0,,,,,
2026-10-16T20:15:00,Hapoel IBI Tel Aviv @ Panathinaikos AKTOR Athens,Hapoel IBI Tel Aviv,"LEDAY, ZACH",Points,10.7,4,8.0; 12.0; 15.0; 7.0,,,,,
2026-10-16T20:15:00,Hapoel IBI Tel Aviv @ Panathinaikos AKTOR Athens,Hapoel IBI Tel Aviv,"LEDAY, ZACH",Rebounds,4.0,4,4.0; 4.0; 3.0; 5.0,,,,,
2026-10-16T20:15:00,Hapoel IBI Tel Aviv @ Panathinaikos AKTOR Athens,Hapoel IBI Tel Aviv,"LEDAY, ZACH",Assists,1.1,4,0.0; 0.0; 0.0; 0.0,,,,,
2026-10-16T20:15:00,Hapoel IBI Tel Aviv @ Panathinaikos AKTOR Athens,Hapoel IBI Tel Aviv,"OTURU, DAN",Points,9.5,4,20.0; 5.0; 7.0; 6.0,,,,,
2026-10-16T20:15:00,Hapoel IBI Tel Aviv @ Panathinaikos AKTOR Athens,Hapoel IBI Tel Aviv,"OTURU, DAN",Rebounds,5.8,4,12.0; 6.0; 4.0; 8.0,,,,,
2026-10-16T20:15:00,Hapoel IBI Tel Aviv @ Panathinaikos AKTOR Athens,Hapoel IBI Tel Aviv,"OTURU, DAN",Assists,1.6,4,3.0; 0.0; 0.0; 1.0,,,,,
2026-10-16T20:15:00,Hapoel IBI Tel Aviv @ Panathinaikos AKTOR Athens,Panathinaikos AKTOR Athens,"FRANCISCO, SYLVAIN",Points,13.8,4,18.0; 19.0; 11.0; 17.0,,,,,
2026-10-16T20:15:00,Hapoel IBI Tel Aviv @ Panathinaikos AKTOR Athens,Panathinaikos AKTOR Athens,"FRANCISCO, SYLVAIN",Rebounds,3.2,4,2.0; 2.0; 3.0; 3.0,,,,,
2026-10-16T20:15:00,Hapoel IBI Tel Aviv @ Panathinaikos AKTOR Athens,Panathinaikos AKTOR Athens,"FRANCISCO, SYLVAIN",Assists,3.8,4,4.0; 3.0; 4.0; 7.0,,,,,
2026-10-16T20:15:00,Hapoel IBI Tel Aviv @ Panathinaikos AKTOR Athens,Panathinaikos AKTOR Athens,"HAYES-DAVIS, NIGEL",Points,13.2,2,13.0; 19.0,,,,,
2026-10-16T20:15:00,Hapoel IBI Tel Aviv @ Panathinaikos AKTOR Athens,Panathinaikos AKTOR Athens,"HAYES-DAVIS, NIGEL",Rebounds,4.0,2,4.0; 4.0,,,,,
2026-10-16T20:15:00,Hapoel IBI Tel Aviv @ Panathinaikos AKTOR Athens,Panathinaikos AKTOR Athens,"HAYES-DAVIS, NIGEL",Assists,2.2,2,4.0; 0.0,,,,,
2026-10-16T20:15:00,Hapoel IBI Tel Aviv @ Panathinaikos AKTOR Athens,Panathinaikos AKTOR Athens,"LESSORT, MATHIAS",Points,12.5,4,15.0; 12.0; 7.0; 19.0,,,,,
2026-10-16T20:15:00,Hapoel IBI Tel Aviv @ Panathinaikos AKTOR Athens,Panathinaikos AKTOR Athens,"LESSORT, MATHIAS",Rebounds,5.6,4,9.0; 8.0; 3.0; 8.0,,,,,
2026-10-16T20:15:00,Hapoel IBI Tel Aviv @ Panathinaikos AKTOR Athens,Panathinaikos AKTOR Athens,"LESSORT, MATHIAS",Assists,1.8,4,2.0; 3.0; 0.0; 1.0,,,,,
2026-10-16T20:15:00,Hapoel IBI Tel Aviv @ Panathinaikos AKTOR Athens,Panathinaikos AKTOR Athens,"YABUSELE, GUERSCHON",Points,11.3,4,13.0; 9.0; 17.0; 8.0,,,,,
2026-10-16T20:15:00,Hapoel IBI Tel Aviv @ Panathinaikos AKTOR Athens,Panathinaikos AKTOR Athens,"YABUSELE, GUERSCHON",Rebounds,4.4,4,5.0; 5.0; 1.0; 7.0,,,,,
2026-10-16T20:15:00,Hapoel IBI Tel Aviv @ Panathinaikos AKTOR Athens,Panathinaikos AKTOR Athens,"YABUSELE, GUERSCHON",Assists,1.8,4,0.0; 3.0; 1.0; 1.0,,,,,
2026-10-16T20:15:00,Hapoel IBI Tel Aviv @ Panathinaikos AKTOR Athens,Panathinaikos AKTOR Athens,"MANTZOUKAS, ELEFTHERIOS",Points,9.7,4,10.0; 16.0; 11.0; 2.0,,,,,
2026-10-16T20:15:00,Hapoel IBI Tel Aviv @ Panathinaikos AKTOR Athens,Panathinaikos AKTOR Athens,"MANTZOUKAS, ELEFTHERIOS",Rebounds,3.1,4,4.0; 6.0; 2.0; 0.0,,,,,
2026-10-16T20:15:00,Hapoel IBI Tel Aviv @ Panathinaikos AKTOR Athens,Panathinaikos AKTOR Athens,"MANTZOUKAS, ELEFTHERIOS",Assists,1.8,4,1.0; 1.0; 2.0; 1.0,,,,,
2026-10-16T20:30:00,Kosner Baskonia Vitoria-Gasteiz @ Virtus Bologna,Kosner Baskonia Vitoria-Gasteiz,"LAWSON, A.J.",Points,13.5,3,20.0; 13.0; 16.0,,,,,
2026-10-16T20:30:00,Kosner Baskonia Vitoria-Gasteiz @ Virtus Bologna,Kosner Baskonia Vitoria-Gasteiz,"LAWSON, A.J.",Rebounds,3.5,3,4.0; 2.0; 3.0,,,,,
2026-10-16T20:30:00,Kosner Baskonia Vitoria-Gasteiz @ Virtus Bologna,Kosner Baskonia Vitoria-Gasteiz,"LAWSON, A.J.",Assists,2.5,3,2.0; 2.0; 3.0,,,,,
2026-10-16T20:30:00,Kosner Baskonia Vitoria-Gasteiz @ Virtus Bologna,Kosner Baskonia Vitoria-Gasteiz,"SEDEKERSKIS, TADAS",Points,10.8,3,15.0; 16.0; 4.0,,,,,
2026-10-16T20:30:00,Kosner Baskonia Vitoria-Gasteiz @ Virtus Bologna,Kosner Baskonia Vitoria-Gasteiz,"SEDEKERSKIS, TADAS",Rebounds,3.8,3,2.0; 7.0; 2.0,,,,,
2026-10-16T20:30:00,Kosner Baskonia Vitoria-Gasteiz @ Virtus Bologna,Kosner Baskonia Vitoria-Gasteiz,"SEDEKERSKIS, TADAS",Assists,1.2,3,0.0; 0.0; 0.0,,,,,
2026-10-16T20:30:00,Kosner Baskonia Vitoria-Gasteiz @ Virtus Bologna,Kosner Baskonia Vitoria-Gasteiz,"STEWART, DJ",Points,11.3,3,8.0; 14.0; 12.0,,,,,
2026-10-16T20:30:00,Kosner Baskonia Vitoria-Gasteiz @ Virtus Bologna,Kosner Baskonia Vitoria-Gasteiz,"STEWART, DJ",Rebounds,2.5,3,1.0; 2.0; 0.0,,,,,
2026-10-16T20:30:00,Kosner Baskonia Vitoria-Gasteiz @ Virtus Bologna,Kosner Baskonia Vitoria-Gasteiz,"STEWART, DJ",Assists,2.3,3,0.0; 4.0; 2.0,,,,,
2026-10-16T20:30:00,Kosner Baskonia Vitoria-Gasteiz @ Virtus Bologna,Kosner Baskonia Vitoria-Gasteiz,"DUARTE, CHRIS",Points,10.2,3,9.0; 9.0; 10.0,,,,,
2026-10-16T20:30:00,Kosner Baskonia Vitoria-Gasteiz @ Virtus Bologna,Kosner Baskonia Vitoria-Gasteiz,"DUARTE, CHRIS",Rebounds,4.0,3,5.0; 3.0; 4.0,,,,,
2026-10-16T20:30:00,Kosner Baskonia Vitoria-Gasteiz @ Virtus Bologna,Kosner Baskonia Vitoria-Gasteiz,"DUARTE, CHRIS",Assists,2.0,3,3.0; 0.0; 2.0,,,,,
2026-10-16T20:30:00,Kosner Baskonia Vitoria-Gasteiz @ Virtus Bologna,Kosner Baskonia Vitoria-Gasteiz,"FARIED, KENNETH",Points,9.8,3,5.0; 15.0; 6.0,,,,,
2026-10-16T20:30:00,Kosner Baskonia Vitoria-Gasteiz @ Virtus Bologna,Kosner Baskonia Vitoria-Gasteiz,"FARIED, KENNETH",Rebounds,4.5,3,3.0; 5.0; 6.0,,,,,
2026-10-16T20:30:00,Kosner Baskonia Vitoria-Gasteiz @ Virtus Bologna,Kosner Baskonia Vitoria-Gasteiz,"FARIED, KENNETH",Assists,1.2,3,0.0; 0.0; 0.0,,,,,
2026-10-16T20:30:00,Kosner Baskonia Vitoria-Gasteiz @ Virtus Bologna,Virtus Bologna,"CARR, MARCUS",Points,13.1,4,12.0; 10.0; 22.0; 13.0,,,,,
2026-10-16T20:30:00,Kosner Baskonia Vitoria-Gasteiz @ Virtus Bologna,Virtus Bologna,"CARR, MARCUS",Rebounds,2.6,4,0.0; 2.0; 3.0; 1.0,,,,,
2026-10-16T20:30:00,Kosner Baskonia Vitoria-Gasteiz @ Virtus Bologna,Virtus Bologna,"CARR, MARCUS",Assists,4.7,4,4.0; 9.0; 10.0; 3.0,,,,,
2026-10-16T20:30:00,Kosner Baskonia Vitoria-Gasteiz @ Virtus Bologna,Virtus Bologna,"MOORE, WENDELL",Points,12.9,4,9.0; 12.0; 12.0; 20.0,,,,,
2026-10-16T20:30:00,Kosner Baskonia Vitoria-Gasteiz @ Virtus Bologna,Virtus Bologna,"MOORE, WENDELL",Rebounds,5.2,4,7.0; 3.0; 4.0; 9.0,,,,,
2026-10-16T20:30:00,Kosner Baskonia Vitoria-Gasteiz @ Virtus Bologna,Virtus Bologna,"MOORE, WENDELL",Assists,1.5,4,1.0; 0.0; 2.0; 0.0,,,,,
2026-10-16T20:30:00,Kosner Baskonia Vitoria-Gasteiz @ Virtus Bologna,Virtus Bologna,"ALSTON JR. , DERRICK",Points,11.7,4,10.0; 10.0; 17.0; 11.0,,,,,
2026-10-16T20:30:00,Kosner Baskonia Vitoria-Gasteiz @ Virtus Bologna,Virtus Bologna,"ALSTON JR. , DERRICK",Rebounds,2.3,4,2.0; 0.0; 0.0; 2.0,,,,,
2026-10-16T20:30:00,Kosner Baskonia Vitoria-Gasteiz @ Virtus Bologna,Virtus Bologna,"ALSTON JR. , DERRICK",Assists,1.8,4,1.0; 0.0; 3.0; 1.0,,,,,
2026-10-16T20:30:00,Kosner Baskonia Vitoria-Gasteiz @ Virtus Bologna,Virtus Bologna,"DIARRA, ALIOU",Points,11.3,4,8.0; 15.0; 18.0; 6.0,,,,,
2026-10-16T20:30:00,Kosner Baskonia Vitoria-Gasteiz @ Virtus Bologna,Virtus Bologna,"DIARRA, ALIOU",Rebounds,6.5,4,1.0; 7.0; 14.0; 8.0,,,,,
2026-10-16T20:30:00,Kosner Baskonia Vitoria-Gasteiz @ Virtus Bologna,Virtus Bologna,"DIARRA, ALIOU",Assists,1.2,4,1.0; 0.0; 0.0; 0.0,,,,,
2026-10-16T20:30:00,Kosner Baskonia Vitoria-Gasteiz @ Virtus Bologna,Virtus Bologna,"FRAZIER, TRENT",Points,9.7,4,8.0; 7.0; 9.0; 10.0,,,,,
2026-10-16T20:30:00,Kosner Baskonia Vitoria-Gasteiz @ Virtus Bologna,Virtus Bologna,"FRAZIER, TRENT",Rebounds,2.7,4,2.0; 5.0; 1.0; 0.0,,,,,
2026-10-16T20:30:00,Kosner Baskonia Vitoria-Gasteiz @ Virtus Bologna,Virtus Bologna,"FRAZIER, TRENT",Assists,2.8,4,3.0; 5.0; 3.0; 2.0,,,,,
2026-10-16T20:30:00,Olympiacos Piraeus @ FC Barcelona,Olympiacos Piraeus,"VEZENKOV, SASHA",Points,15.4,3,22.0; 18.0; 20.0,,,,,
2026-10-16T20:30:00,Olympiacos Piraeus @ FC Barcelona,Olympiacos Piraeus,"VEZENKOV, SASHA",Rebounds,5.2,3,5.0; 8.0; 6.0,,,,,
2026-10-16T20:30:00,Olympiacos Piraeus @ FC Barcelona,Olympiacos Piraeus,"VEZENKOV, SASHA",Assists,1.5,3,1.0; 1.0; 0.0,,,,,
2026-10-16T20:30:00,Olympiacos Piraeus @ FC Barcelona,Olympiacos Piraeus,"DORSEY, TYLER",Points,14.9,3,25.0; 10.0; 22.0,,,,,
2026-10-16T20:30:00,Olympiacos Piraeus @ FC Barcelona,Olympiacos Piraeus,"DORSEY, TYLER",Rebounds,2.8,3,2.0; 2.0; 1.0,,,,,
2026-10-16T20:30:00,Olympiacos Piraeus @ FC Barcelona,Olympiacos Piraeus,"DORSEY, TYLER",Assists,2.0,3,1.0; 1.0; 2.0,,,,,
2026-10-16T20:30:00,Olympiacos Piraeus @ FC Barcelona,Olympiacos Piraeus,"MONTERO, JEAN",Points,11.5,3,15.0; 15.0; 8.0,,,,,
2026-10-16T20:30:00,Olympiacos Piraeus @ FC Barcelona,Olympiacos Piraeus,"MONTERO, JEAN",Rebounds,3.5,3,5.0; 3.0; 2.0,,,,,
2026-10-16T20:30:00,Olympiacos Piraeus @ FC Barcelona,Olympiacos Piraeus,"MONTERO, JEAN",Assists,3.9,3,5.0; 7.0; 4.0,,,,,
2026-10-16T20:30:00,Olympiacos Piraeus @ FC Barcelona,Olympiacos Piraeus,"NDIAYE, MBAYE",Points,12.3,3,4.0; 9.0; 23.0,,,,,
2026-10-16T20:30:00,Olympiacos Piraeus @ FC Barcelona,Olympiacos Piraeus,"NDIAYE, MBAYE",Rebounds,3.5,3,0.0; 0.0; 7.0,,,,,
2026-10-16T20:30:00,Olympiacos Piraeus @ FC Barcelona,Olympiacos Piraeus,"NDIAYE, MBAYE",Assists,1.2,3,0.0; 0.0; 0.0,,,,,
2026-10-16T20:30:00,Olympiacos Piraeus @ FC Barcelona,Olympiacos Piraeus,"FOURNIER, EVAN",Points,10.7,3,7.0; 19.0; 6.0,,,,,
2026-10-16T20:30:00,Olympiacos Piraeus @ FC Barcelona,Olympiacos Piraeus,"FOURNIER, EVAN",Rebounds,3.8,3,1.0; 1.0; 7.0,,,,,
2026-10-16T20:30:00,Olympiacos Piraeus @ FC Barcelona,Olympiacos Piraeus,"FOURNIER, EVAN",Assists,2.0,3,3.0; 0.0; 2.0,,,,,
2026-10-16T20:30:00,Olympiacos Piraeus @ FC Barcelona,FC Barcelona,"PUNTER, KEVIN",Points,15.3,3,19.0; 25.0; 16.0,,,,,
2026-10-16T20:30:00,Olympiacos Piraeus @ FC Barcelona,FC Barcelona,"PUNTER, KEVIN",Rebounds,3.4,3,1.0; 5.0; 2.0,,,,,
2026-10-16T20:30:00,Olympiacos Piraeus @ FC Barcelona,FC Barcelona,"PUNTER, KEVIN",Assists,2.5,3,1.0; 2.0; 4.0,,,,,
2026-10-16T20:30:00,Olympiacos Piraeus @ FC Barcelona,FC Barcelona,"GIBSON, UMOJA",Points,11.9,3,10.0; 12.0; 15.0,,,,,
2026-10-16T20:30:00,Olympiacos Piraeus @ FC Barcelona,FC Barcelona,"GIBSON, UMOJA",Rebounds,3.5,3,6.0; 2.0; 2.0,,,,,
2026-10-16T20:30:00,Olympiacos Piraeus @ FC Barcelona,FC Barcelona,"GIBSON, UMOJA",Assists,2.5,3,2.0; 2.0; 3.0,,,,,
2026-10-16T20:30:00,Olympiacos Piraeus @ FC Barcelona,FC Barcelona,"BALCEROWSKI, OLEK",Points,10.7,3,10.0; 10.0; 11.0,,,,,
2026-10-16T20:30:00,Olympiacos Piraeus @ FC Barcelona,FC Barcelona,"BALCEROWSKI, OLEK",Rebounds,3.0,3,4.0; 3.0; 0.0,,,,,
2026-10-16T20:30:00,Olympiacos Piraeus @ FC Barcelona,FC Barcelona,"BALCEROWSKI, OLEK",Assists,1.8,3,2.0; 2.0; 0.0,,,,,
2026-10-16T20:30:00,Olympiacos Piraeus @ FC Barcelona,FC Barcelona,"BRIZUELA, DARIO",Points,9.7,3,20.0; 0.0; 8.0,,,,,
2026-10-16T20:30:00,Olympiacos Piraeus @ FC Barcelona,FC Barcelona,"BRIZUELA, DARIO",Rebounds,3.0,3,2.0; 1.0; 3.0,,,,,
2026-10-16T20:30:00,Olympiacos Piraeus @ FC Barcelona,FC Barcelona,"BRIZUELA, DARIO",Assists,1.4,3,0.0; 1.0; 0.0,,,,,
2026-10-16T20:30:00,Olympiacos Piraeus @ FC Barcelona,FC Barcelona,"ROBINSON, JUSTIN",Points,9.8,3,10.0; 7.0; 9.0,,,,,
2026-10-16T20:30:00,Olympiacos Piraeus @ FC Barcelona,FC Barcelona,"ROBINSON, JUSTIN",Rebounds,2.8,3,2.0; 1.0; 2.0,,,,,
2026-10-16T20:30:00,Olympiacos Piraeus @ FC Barcelona,FC Barcelona,"ROBINSON, JUSTIN",Assists,3.0,3,2.0; 5.0; 3.0,,,,,
